Teff,Logg,G2018,G2018_BP,G2018_RP,J,H,K,W1_W10,W2_W10,W3_W10,W4_W10
5777.00,4.44,-38.580,-38.257,-39.065,-39.567,-39.880,-39.952,-39.955,-39.939,-39.976,-39.981
1200.00,3.50,-27.962,-21.601,-29.437,-33.280,-34.566,-35.012,-35.763,-35.946,-37.478,-37.688
1200.00,4.50,-28.059,-22.170,-29.542,-33.293,-34.549,-34.983,-35.477,-36.093,-37.522,-37.687
1300.00,2.50,-27.650,-23.583,-29.051,-32.719,-34.179,-35.275,-36.168,-36.278,-37.675,-37.766
1300.00,3.00,-28.213,-23.266,-29.652,-33.387,-34.537,-35.436,-36.310,-36.375,-37.729,-37.843
1300.00,3.50,-28.291,-23.019,-29.738,-33.343,-34.756,-35.566,-36.319,-36.420,-37.729,-37.875
1300.00,4.00,-28.405,-22.581,-29.874,-33.538,-34.848,-35.455,-36.067,-36.298,-37.656,-37.817
1300.00,4.50,-28.550,-22.977,-30.015,-33.575,-34.884,-35.500,-35.980,-36.320,-37.661,-37.799
1300.00,5.00,-28.679,-22.680,-30.164,-33.852,-34.986,-35.275,-35.537,-36.170,-37.519,-37.642
1300.00,5.50,-28.611,-22.473,-30.107,-34.078,-34.945,-35.051,-35.541,-36.424,-37.558,-37.710
1400.00,3.00,-28.838,-24.567,-30.261,-34.033,-34.959,-35.774,-36.544,-36.706,-37.870,-37.995
1400.00,3.50,-28.925,-24.494,-30.353,-34.001,-35.051,-35.858,-36.606,-36.607,-37.852,-37.933
1400.00,4.00,-28.842,-24.362,-30.266,-33.681,-35.033,-35.884,-36.431,-36.670,-37.861,-37.950
1400.00,4.50,-28.895,-23.889,-30.342,-33.794,-35.116,-35.858,-36.444,-36.667,-37.840,-37.947
1400.00,5.00,-29.008,-23.941,-30.458,-33.927,-35.190,-35.850,-36.203,-36.474,-37.745,-37.791
1400.00,5.50,-29.029,-23.280,-30.520,-34.248,-35.257,-35.552,-35.991,-36.644,-37.723,-37.833
1500.00,2.50,-28.375,-25.102,-29.746,-33.649,-34.729,-35.652,-36.564,-37.011,-38.003,-38.232
1500.00,3.00,-27.799,-24.431,-29.170,-32.988,-34.540,-35.658,-36.792,-37.361,-38.272,-38.470
1500.00,3.50,-27.775,-24.450,-29.143,-32.808,-34.490,-35.723,-37.029,-37.575,-38.340,-38.538
1500.00,4.00,-28.929,-25.636,-30.296,-33.661,-35.095,-36.145,-37.157,-37.418,-38.243,-38.294
1500.00,4.50,-29.150,-25.608,-30.532,-33.841,-35.214,-36.155,-37.012,-37.176,-38.147,-38.142
1500.00,5.00,-29.241,-24.895,-30.663,-34.028,-35.311,-36.119,-36.682,-36.821,-37.950,-37.959
1550.00,5.00,-29.267,-25.541,-30.659,-33.970,-35.312,-36.226,-37.081,-37.219,-38.137,-38.138
1550.00,5.50,-29.453,-25.186,-30.874,-34.188,-35.433,-36.264,-36.870,-37.118,-38.058,-38.083
1600.00,2.50,-29.140,-25.775,-30.522,-34.490,-35.333,-36.095,-36.778,-37.144,-38.048,-38.250
1600.00,3.00,-28.006,-24.518,-29.388,-33.361,-34.759,-35.887,-37.001,-37.487,-38.279,-38.470
1600.00,3.50,-27.644,-24.096,-29.026,-33.014,-34.838,-36.128,-37.215,-37.664,-38.351,-38.551
1600.00,4.00,-29.114,-25.859,-30.483,-34.005,-35.320,-36.353,-37.300,-37.550,-38.298,-38.363
1600.00,4.50,-29.288,-25.944,-30.661,-34.048,-35.435,-36.425,-37.304,-37.423,-38.230,-38.248
1600.00,5.00,-29.360,-25.823,-30.741,-33.998,-35.345,-36.311,-37.206,-37.335,-38.189,-38.196
1600.00,5.50,-29.548,-25.553,-30.957,-34.250,-35.490,-36.342,-37.059,-37.267,-38.145,-38.173
1650.00,5.00,-29.500,-26.037,-30.879,-34.205,-35.561,-36.549,-37.401,-37.467,-38.233,-38.248
1650.00,5.50,-29.706,-25.618,-31.126,-34.490,-35.655,-36.412,-37.042,-37.222,-38.117,-38.118
1700.00,2.50,-27.420,-23.027,-28.835,-33.589,-34.996,-36.039,-36.926,-37.384,-38.080,-38.305
1700.00,3.00,-27.986,-23.982,-29.392,-34.055,-35.510,-36.483,-37.233,-37.646,-38.301,-38.503
1700.00,3.50,-28.048,-24.247,-29.444,-34.071,-35.604,-36.543,-37.315,-37.713,-38.363,-38.560
1700.00,4.00,-29.116,-25.862,-30.488,-34.478,-35.875,-36.719,-37.387,-37.662,-38.358,-38.456
1700.00,4.50,-29.499,-26.108,-30.880,-34.546,-35.807,-36.666,-37.376,-37.488,-38.259,-38.285
1700.00,5.00,-29.653,-26.207,-31.035,-34.467,-35.779,-36.700,-37.453,-37.522,-38.262,-38.285
1700.00,5.50,-30.141,-26.260,-31.553,-34.738,-35.836,-36.577,-37.211,-37.349,-38.188,-38.192
1750.00,5.00,-29.758,-26.318,-31.142,-34.698,-35.956,-36.787,-37.481,-37.564,-38.284,-38.316
1750.00,5.50,-30.349,-26.494,-31.766,-34.983,-36.004,-36.686,-37.303,-37.399,-38.205,-38.201
1800.00,2.50,-28.758,-24.905,-30.165,-34.323,-35.262,-36.129,-36.889,-37.326,-37.996,-38.208
1800.00,3.00,-28.691,-24.822,-30.099,-34.422,-35.639,-36.569,-37.265,-37.656,-38.300,-38.492
1800.00,3.50,-29.361,-25.513,-30.771,-34.957,-36.034,-36.770,-37.384,-37.751,-38.377,-38.564
1800.00,4.00,-29.771,-26.339,-31.165,-35.144,-36.196,-36.866,-37.407,-37.641,-38.342,-38.428
1800.00,4.50,-29.747,-26.367,-31.139,-35.041,-36.171,-36.853,-37.465,-37.678,-38.358,-38.425
1800.00,5.00,-29.997,-26.532,-31.389,-35.055,-36.210,-36.912,-37.517,-37.610,-38.307,-38.346
1800.00,5.50,-30.531,-26.584,-31.958,-35.297,-36.174,-36.735,-37.333,-37.424,-38.218,-38.218
1850.00,5.00,-30.117,-26.544,-31.521,-35.317,-36.403,-36.963,-37.500,-37.564,-38.291,-38.301
1850.00,5.50,-30.737,-26.761,-32.171,-35.576,-36.386,-36.854,-37.416,-37.467,-38.229,-38.229
1900.00,2.50,-28.638,-23.984,-30.065,-34.637,-35.677,-36.436,-36.990,-37.399,-38.029,-38.233
1900.00,3.00,-29.488,-25.240,-30.910,-35.246,-36.143,-36.818,-37.341,-37.710,-38.328,-38.510
1900.00,3.50,-29.946,-25.945,-31.366,-35.494,-36.360,-36.969,-37.442,-37.768,-38.378,-38.550
1900.00,4.00,-29.965,-26.246,-31.377,-35.474,-36.416,-37.025,-37.533,-37.839,-38.432,-38.578
1900.00,4.50,-30.153,-26.573,-31.561,-35.604,-36.531,-37.048,-37.532,-37.733,-38.382,-38.454
1900.00,5.00,-30.275,-26.592,-31.692,-35.644,-36.582,-37.026,-37.523,-37.596,-38.306,-38.321
1900.00,5.50,-30.789,-26.836,-32.224,-35.644,-36.422,-36.863,-37.417,-37.470,-38.234,-38.227
1950.00,5.00,-30.441,-26.781,-31.857,-35.723,-36.664,-37.121,-37.590,-37.686,-38.349,-38.378
2000.00,2.50,-30.613,-26.509,-32.033,-35.973,-36.589,-37.130,-37.505,-37.879,-38.456,-38.631
2000.00,3.00,-30.330,-26.092,-31.754,-35.797,-36.534,-37.115,-37.520,-37.856,-38.444,-38.597
2000.00,3.50,-30.227,-25.733,-31.661,-35.779,-36.572,-37.145,-37.563,-37.877,-38.447,-38.602
2000.00,4.00,-30.591,-26.463,-32.014,-35.943,-36.683,-37.205,-37.591,-37.837,-38.429,-38.550
2000.00,4.50,-30.727,-26.724,-32.151,-36.029,-36.753,-37.214,-37.613,-37.806,-38.413,-38.495
2000.00,5.00,-30.418,-26.750,-31.834,-35.693,-36.655,-37.125,-37.596,-37.694,-38.353,-38.384
2000.00,5.50,-31.109,-27.051,-32.552,-35.999,-36.720,-37.052,-37.557,-37.603,-38.299,-38.315
2050.00,2.50,-30.720,-26.398,-32.147,-36.074,-36.699,-37.231,-37.581,-37.949,-38.495,-38.665
2050.00,3.00,-30.772,-26.613,-32.196,-36.069,-36.720,-37.246,-37.593,-37.924,-38.479,-38.624
2050.00,3.50,-30.607,-26.189,-32.039,-35.981,-36.706,-37.245,-37.627,-37.937,-38.480,-38.624
2050.00,4.00,-30.795,-26.706,-32.223,-36.051,-36.781,-37.271,-37.623,-37.860,-38.439,-38.551
2050.00,4.50,-30.867,-26.941,-32.297,-36.082,-36.819,-37.250,-37.627,-37.820,-38.420,-38.503
2050.00,5.00,-30.988,-27.131,-32.421,-36.154,-36.913,-37.271,-37.663,-37.763,-38.388,-38.417
2100.00,2.50,-30.889,-26.664,-32.313,-36.166,-36.761,-37.275,-37.612,-37.978,-38.510,-38.681
2100.00,3.00,-30.783,-26.438,-32.211,-36.074,-36.738,-37.273,-37.633,-37.969,-38.506,-38.652
2100.00,3.50,-30.979,-26.825,-32.404,-36.149,-36.800,-37.303,-37.657,-37.963,-38.494,-38.635
2100.00,4.00,-31.119,-27.152,-32.543,-36.211,-36.863,-37.317,-37.644,-37.876,-38.447,-38.555
2100.00,4.50,-31.110,-26.877,-32.542,-36.236,-36.922,-37.366,-37.707,-37.904,-38.457,-38.551
2100.00,5.00,-31.157,-27.208,-32.593,-36.244,-36.959,-37.300,-37.673,-37.769,-38.389,-38.420
2100.00,5.50,-31.397,-27.171,-32.855,-36.354,-36.992,-37.182,-37.598,-37.601,-38.286,-38.297
2150.00,2.50,-31.019,-26.703,-32.446,-36.245,-36.861,-37.371,-37.695,-38.063,-38.554,-38.727
2150.00,3.00,-31.089,-26.764,-32.517,-36.250,-36.888,-37.394,-37.716,-38.050,-38.548,-38.690
2150.00,3.50,-31.260,-27.095,-32.685,-36.300,-36.927,-37.408,-37.727,-38.026,-38.528,-38.657
2150.00,4.00,-31.324,-27.167,-32.752,-36.343,-36.986,-37.433,-37.737,-37.983,-38.499,-38.611
2150.00,4.50,-31.262,-27.169,-32.694,-36.306,-37.008,-37.427,-37.744,-37.940,-38.476,-38.568
2150.00,5.00,-31.286,-27.352,-32.720,-36.303,-37.031,-37.391,-37.740,-37.861,-38.437,-38.480
2200.00,2.50,-31.312,-27.113,-32.736,-36.397,-36.953,-37.430,-37.735,-38.102,-38.572,-38.747
2200.00,3.00,-31.360,-27.149,-32.783,-36.376,-36.963,-37.446,-37.763,-38.100,-38.576,-38.723
2200.00,3.50,-31.434,-27.347,-32.855,-36.385,-36.990,-37.461,-37.774,-38.077,-38.558,-38.685
2200.00,4.00,-31.495,-27.447,-32.919,-36.421,-37.040,-37.477,-37.772,-38.021,-38.521,-38.629
2200.00,4.50,-31.438,-27.041,-32.871,-36.405,-37.056,-37.485,-37.799,-38.011,-38.512,-38.622
2200.00,5.00,-31.418,-27.273,-32.857,-36.404,-37.129,-37.485,-37.810,-37.962,-38.487,-38.561
2200.00,5.50,-31.442,-27.369,-32.887,-36.252,-36.949,-37.240,-37.672,-37.695,-38.344,-38.352
2250.00,2.50,-31.564,-27.452,-32.984,-36.523,-37.062,-37.522,-37.817,-38.181,-38.617,-38.792
2250.00,3.00,-31.694,-27.582,-33.113,-36.545,-37.105,-37.559,-37.845,-38.185,-38.619,-38.768
2250.00,3.50,-31.725,-27.640,-33.143,-36.536,-37.121,-37.571,-37.862,-38.170,-38.609,-38.737
2250.00,4.00,-31.772,-27.724,-33.194,-36.563,-37.157,-37.573,-37.835,-38.081,-38.550,-38.653
2250.00,4.50,-31.747,-27.729,-33.173,-36.553,-37.176,-37.556,-37.832,-38.042,-38.527,-38.633
2250.00,5.00,-31.633,-27.569,-33.067,-36.503,-37.203,-37.555,-37.858,-38.012,-38.514,-38.586
2300.00,2.50,-31.851,-28.001,-33.262,-36.660,-37.155,-37.588,-37.874,-38.235,-38.650,-38.827
2300.00,3.00,-31.907,-27.992,-33.319,-36.645,-37.173,-37.608,-37.889,-38.229,-38.645,-38.798
2300.00,3.50,-31.895,-27.977,-33.306,-36.608,-37.171,-37.610,-37.901,-38.211,-38.635,-38.766
2300.00,4.00,-31.905,-27.922,-33.322,-36.621,-37.207,-37.622,-37.890,-38.147,-38.590,-38.696
2300.00,4.50,-32.162,-28.072,-33.582,-36.750,-37.285,-37.652,-37.898,-38.106,-38.557,-38.662
2300.00,5.00,-31.962,-28.005,-33.392,-36.659,-37.285,-37.611,-37.891,-38.043,-38.530,-38.597
2300.00,5.50,-32.253,-28.034,-33.693,-36.822,-37.325,-37.552,-37.855,-37.861,-38.426,-38.430
2350.00,2.50,-31.896,-27.862,-33.310,-36.687,-37.208,-37.642,-37.915,-38.273,-38.663,-38.839
2350.00,3.00,-32.136,-28.316,-33.542,-36.758,-37.285,-37.704,-37.964,-38.300,-38.684,-38.835
2350.00,3.50,-32.151,-28.270,-33.559,-36.740,-37.295,-37.713,-37.977,-38.287,-38.674,-38.803
2350.00,4.00,-32.179,-28.280,-33.589,-36.752,-37.323,-37.720,-37.970,-38.233,-38.637,-38.744
2350.00,4.50,-32.160,-28.222,-33.575,-36.735,-37.341,-37.717,-37.964,-38.181,-38.603,-38.701
2350.00,5.00,-32.195,-28.273,-33.621,-36.785,-37.395,-37.697,-37.931,-38.077,-38.539,-38.614
2400.00,2.50,-32.218,-28.560,-33.621,-36.850,-37.330,-37.727,-37.974,-38.327,-38.698,-38.873
2400.00,3.00,-32.284,-28.602,-33.684,-36.820,-37.333,-37.743,-38.002,-38.337,-38.706,-38.859
2400.00,3.50,-32.342,-28.687,-33.739,-36.808,-37.347,-37.759,-38.031,-38.343,-38.712,-38.847
2400.00,4.00,-32.337,-28.583,-33.739,-36.815,-37.375,-37.766,-38.016,-38.286,-38.671,-38.780
2400.00,4.50,-32.445,-28.474,-33.854,-36.879,-37.408,-37.767,-38.005,-38.227,-38.631,-38.728
2400.00,5.00,-32.343,-28.430,-33.762,-36.831,-37.439,-37.755,-37.993,-38.152,-38.585,-38.657
2400.00,5.50,-32.399,-28.465,-33.828,-36.862,-37.484,-37.730,-37.977,-38.014,-38.507,-38.513
2500.00,2.50,-32.573,-29.157,-33.963,-37.037,-37.517,-37.865,-38.075,-38.420,-38.749,-38.922
2500.00,3.00,-32.683,-29.320,-34.065,-36.996,-37.497,-37.880,-38.129,-38.458,-38.781,-38.936
2500.00,3.50,-32.731,-29.356,-34.111,-36.979,-37.507,-37.894,-38.147,-38.454,-38.780,-38.915
2500.00,4.00,-32.725,-29.236,-34.111,-36.977,-37.527,-37.900,-38.134,-38.407,-38.742,-38.851
2500.00,4.50,-32.722,-29.168,-34.113,-36.981,-37.550,-37.901,-38.129,-38.361,-38.713,-38.810
2500.00,5.00,-32.723,-28.970,-34.127,-36.997,-37.588,-37.900,-38.115,-38.292,-38.667,-38.746
2500.00,5.50,-32.735,-29.131,-34.142,-36.998,-37.619,-37.884,-38.107,-38.197,-38.610,-38.636
2600.00,2.50,-32.870,-29.654,-34.247,-37.196,-37.715,-38.006,-38.170,-38.507,-38.795,-38.968
2600.00,3.00,-33.020,-29.899,-34.385,-37.160,-37.661,-38.008,-38.225,-38.545,-38.831,-38.985
2600.00,3.50,-33.088,-30.004,-34.447,-37.132,-37.657,-38.020,-38.255,-38.556,-38.843,-38.980
2600.00,4.00,-33.096,-29.947,-34.458,-37.124,-37.669,-38.026,-38.258,-38.535,-38.828,-38.945
2600.00,4.50,-33.143,-29.680,-34.517,-37.159,-37.693,-38.031,-38.250,-38.489,-38.794,-38.896
2600.00,5.00,-33.070,-29.555,-34.454,-37.134,-37.721,-38.031,-38.238,-38.431,-38.755,-38.839
2600.00,5.50,-33.046,-29.461,-34.441,-37.139,-37.752,-38.023,-38.231,-38.369,-38.715,-38.782
2700.00,2.50,-33.130,-30.114,-34.492,-37.330,-37.913,-38.151,-38.259,-38.587,-38.843,-39.013
2700.00,3.00,-33.349,-30.476,-34.695,-37.318,-37.841,-38.148,-38.327,-38.638,-38.886,-39.039
2700.00,3.50,-33.420,-30.624,-34.756,-37.278,-37.803,-38.140,-38.359,-38.652,-38.906,-39.043
2700.00,4.00,-33.435,-30.596,-34.772,-37.264,-37.806,-38.144,-38.365,-38.637,-32.969,-35.769
2700.00,4.50,-33.553,-30.755,-34.885,-37.303,-37.867,-38.191,-38.402,-38.645,-38.899,-39.005
2700.00,5.00,-33.420,-30.390,-34.772,-37.262,-37.846,-38.151,-38.355,-38.559,-38.842,-38.934
2700.00,5.50,-33.503,-30.133,-34.873,-37.329,-37.883,-38.154,-38.353,-38.511,-38.811,-38.888
2800.00,2.50,-33.389,-30.574,-34.733,-37.446,-38.100,-38.303,-38.358,-38.668,-38.894,-39.057
2800.00,3.00,-33.597,-30.918,-34.925,-37.445,-38.004,-38.271,-38.409,-38.709,-38.930,-39.081
2800.00,3.50,-33.723,-31.171,-35.035,-37.416,-37.953,-38.260,-38.453,-38.737,-38.960,-39.097
2800.00,4.00,-33.762,-31.217,-35.070,-37.399,-37.944,-38.261,-38.467,-38.732,-38.961,-39.082
2800.00,4.50,-33.807,-31.099,-35.124,-37.406,-37.951,-38.264,-38.474,-38.715,-38.952,-39.061
2800.00,5.00,-33.802,-31.201,-35.115,-37.389,-37.974,-38.278,-38.484,-38.692,-38.935,-39.031
2800.00,5.50,-33.728,-30.779,-35.071,-37.399,-38.002,-38.274,-38.464,-38.630,-38.893,-38.978
2900.00,2.50,-33.614,-30.975,-34.940,-37.544,-38.279,-38.453,-38.455,-38.743,-32.969,-35.769
2900.00,3.00,-33.786,-31.224,-35.102,-37.562,-38.174,-38.397,-38.474,-38.762,-38.958,-39.106
2900.00,3.50,-33.933,-31.509,-35.231,-37.538,-38.092,-38.365,-38.515,-38.791,-38.991,-39.126
2900.00,4.00,-34.025,-31.690,-35.310,-37.523,-38.074,-38.366,-38.547,-38.805,-39.009,-39.131
2900.00,4.50,-34.063,-31.743,-35.345,-37.509,-38.069,-38.369,-38.561,-38.797,-39.007,-39.117
2900.00,5.00,-34.052,-31.540,-35.353,-37.513,-38.092,-38.379,-38.563,-38.769,-38.988,-39.085
2900.00,5.50,-34.033,-31.389,-35.348,-37.520,-38.116,-38.383,-38.560,-38.728,-38.962,-39.048
3000.00,2.50,-33.870,-31.443,-35.172,-37.635,-38.435,-38.606,-38.579,-38.835,-39.005,-39.152
3000.00,3.00,-34.029,-31.665,-35.322,-37.665,-38.349,-38.546,-38.577,-38.842,-39.012,-39.154
3000.00,3.50,-34.187,-31.943,-35.463,-37.662,-38.256,-38.500,-38.604,-38.864,-39.036,-39.167
3000.00,4.00,-34.290,-32.146,-35.549,-37.647,-38.215,-38.483,-38.631,-38.878,-39.055,-39.174
3000.00,4.50,-34.333,-32.235,-35.585,-37.623,-38.188,-38.472,-38.646,-38.874,-39.058,-39.165
3000.00,5.00,-34.337,-32.076,-35.608,-37.637,-38.215,-38.487,-38.652,-38.853,-39.043,-39.139
3000.00,5.50,-34.309,-31.906,-35.597,-37.640,-38.232,-38.489,-38.646,-38.810,-39.014,-39.100
3100.00,2.50,-34.142,-31.948,-35.412,-37.718,-38.568,-38.745,-38.714,-38.928,-39.080,-39.213
3100.00,3.00,-34.298,-32.177,-35.557,-37.751,-38.497,-38.684,-38.692,-38.926,-39.077,-39.209
3100.00,3.50,-34.454,-32.438,-35.695,-37.757,-38.393,-38.623,-38.701,-38.939,-39.089,-39.215
3100.00,4.00,-34.562,-32.673,-35.781,-37.736,-38.328,-38.586,-38.721,-38.953,-39.112,-39.228
3100.00,4.50,-34.644,-32.848,-35.844,-37.731,-38.314,-38.581,-38.743,-38.960,-39.128,-39.234
3100.00,5.00,-34.642,-32.837,-35.844,-37.717,-38.303,-38.572,-38.739,-38.937,-39.111,-39.207
3100.00,5.50,-34.653,-32.842,-35.856,-37.716,-38.316,-38.576,-38.744,-38.915,-39.101,-39.188
3200.00,2.50,-34.358,-32.308,-35.605,-37.798,-38.695,-38.880,-38.840,-39.007,-39.147,-39.266
3200.00,3.00,-34.509,-32.544,-35.743,-37.837,-38.642,-38.823,-38.806,-39.002,-39.135,-39.258
3200.00,3.50,-34.669,-32.806,-35.884,-37.853,-38.537,-38.753,-38.798,-39.009,-39.140,-39.259
3200.00,4.00,-34.789,-33.051,-35.978,-37.841,-38.462,-38.704,-38.808,-39.019,-39.160,-39.272
3200.00,4.50,-34.881,-33.253,-36.045,-37.827,-38.423,-38.681,-38.826,-39.028,-39.180,-39.283
3200.00,5.00,-34.893,-33.279,-36.053,-37.812,-38.402,-38.664,-38.822,-39.011,-39.169,-39.264
3200.00,5.50,-34.929,-33.335,-36.084,-37.818,-38.417,-38.672,-38.834,-39.000,-39.168,-39.255
3300.00,2.50,-34.587,-32.682,-35.808,-37.881,-38.810,-39.005,-38.968,-39.082,-39.217,-39.319
3300.00,3.00,-34.722,-32.913,-35.926,-37.916,-38.771,-38.953,-38.927,-39.078,-39.204,-39.314
3300.00,3.50,-34.871,-33.152,-36.057,-37.941,-38.678,-38.880,-38.900,-39.077,-39.196,-39.306
3300.00,4.00,-35.010,-33.423,-36.165,-37.934,-38.579,-38.814,-38.902,-39.088,-39.216,-39.321
3300.00,4.50,-35.099,-33.603,-36.230,-37.925,-38.535,-38.782,-38.905,-39.091,-39.227,-39.326
3300.00,5.00,-35.139,-33.681,-36.260,-37.918,-38.514,-38.764,-38.905,-39.081,-39.223,-39.315
3300.00,5.50,-35.168,-33.735,-36.281,-37.911,-38.509,-38.759,-38.912,-39.070,-39.224,-39.309
3400.00,2.50,-34.839,-33.096,-36.026,-37.966,-38.907,-39.111,-39.088,-39.148,-39.283,-39.367
3400.00,3.00,-34.947,-33.296,-36.116,-37.997,-38.884,-39.070,-39.045,-39.146,-39.270,-39.365
3400.00,3.50,-35.069,-33.477,-36.224,-38.028,-38.808,-39.001,-39.001,-39.140,-39.249,-39.349
3400.00,4.00,-35.226,-33.777,-36.343,-38.022,-38.700,-38.927,-39.002,-39.154,-39.276,-39.372
3400.00,4.50,-35.322,-33.960,-36.415,-38.019,-38.647,-38.887,-38.996,-39.156,-39.283,-39.376
3400.00,5.00,-35.352,-34.025,-36.434,-38.001,-38.603,-38.848,-38.981,-39.143,-39.276,-39.364
3400.00,5.50,-35.411,-34.121,-36.480,-38.012,-38.610,-38.852,-38.993,-39.140,-39.281,-39.363
3500.00,2.50,-35.105,-33.543,-36.249,-38.057,-38.989,-39.197,-39.192,-39.206,-39.343,-39.409
3500.00,3.00,-35.202,-33.736,-36.321,-38.073,-38.979,-39.168,-39.155,-39.207,-39.336,-39.414
3500.00,3.50,-35.331,-33.959,-36.425,-38.091,-38.912,-39.107,-39.124,-39.211,-39.341,-39.424
3500.00,4.00,-35.434,-34.113,-36.512,-38.106,-38.818,-39.037,-39.098,-39.213,-39.332,-39.417
3500.00,4.50,-35.523,-34.273,-36.579,-38.100,-38.742,-38.978,-39.079,-39.212,-39.334,-39.419
3500.00,5.00,-35.567,-34.354,-36.610,-38.092,-38.700,-38.940,-39.062,-39.203,-39.328,-39.411
3500.00,5.50,-35.616,-34.434,-36.648,-38.098,-38.695,-38.933,-39.065,-39.198,-39.329,-39.408
3600.00,2.50,-35.419,-34.092,-36.491,-38.134,-39.056,-39.264,-39.281,-39.256,-39.405,-39.454
3600.00,3.00,-35.475,-34.196,-36.534,-38.150,-39.059,-39.250,-39.251,-39.259,-39.395,-39.457
3600.00,3.50,-35.555,-34.324,-36.600,-38.167,-39.013,-39.203,-39.215,-39.261,-39.391,-39.461
3600.00,4.00,-35.639,-34.439,-36.676,-38.187,-38.934,-39.140,-39.188,-39.265,-39.383,-39.455
3600.00,4.50,-35.732,-34.591,-36.747,-38.186,-38.845,-39.074,-39.167,-39.267,-39.387,-39.460
3600.00,5.00,-35.786,-34.677,-36.789,-38.190,-38.806,-39.039,-39.148,-39.262,-39.380,-39.454
3600.00,5.50,-35.822,-34.739,-36.815,-38.184,-38.780,-39.014,-39.140,-39.256,-39.381,-39.454
3700.00,2.50,-35.710,-34.581,-36.706,-38.207,-39.112,-39.314,-39.343,-39.294,-39.448,-39.489
3700.00,3.00,-35.559,-34.336,-36.598,-38.179,-39.091,-39.278,-39.276,-39.274,-39.408,-39.466
3700.00,3.50,-35.778,-34.675,-36.771,-38.242,-39.100,-39.283,-39.297,-39.305,-39.435,-39.493
3700.00,4.00,-35.837,-34.744,-36.831,-38.264,-39.034,-39.228,-39.267,-39.309,-39.426,-39.487
3700.00,4.50,-35.930,-34.883,-36.905,-38.270,-38.948,-39.165,-39.247,-39.315,-39.432,-39.495
3700.00,5.00,-35.995,-34.980,-36.957,-38.277,-38.900,-39.126,-39.230,-39.316,-39.432,-39.496
3700.00,5.50,-36.033,-35.039,-36.987,-38.276,-38.873,-39.102,-39.220,-39.313,-39.433,-39.497
3800.00,2.50,-35.960,-34.964,-36.898,-38.292,-39.165,-39.360,-39.397,-39.331,-39.484,-39.515
3800.00,3.00,-35.981,-34.991,-36.919,-38.307,-39.179,-39.363,-39.388,-39.341,-39.483,-39.520
3800.00,3.50,-35.994,-35.003,-36.938,-38.321,-39.173,-39.351,-39.367,-39.344,-39.474,-39.519
3800.00,4.00,-36.034,-35.039,-36.983,-38.343,-39.124,-39.307,-39.338,-39.349,-39.466,-39.515
3800.00,4.50,-36.110,-35.145,-37.048,-38.346,-39.042,-39.245,-39.316,-39.356,-39.472,-39.524
3800.00,5.00,-36.173,-35.231,-37.100,-38.352,-38.980,-39.199,-39.299,-39.359,-39.476,-39.530
3800.00,5.50,-36.203,-35.273,-37.126,-38.353,-38.948,-39.171,-39.284,-39.356,-39.474,-39.530
3900.00,2.50,-36.191,-35.299,-37.078,-38.376,-39.213,-39.399,-39.439,-39.365,-39.515,-39.539
3900.00,3.00,-36.210,-35.325,-37.096,-38.387,-39.229,-39.406,-39.438,-39.376,-39.518,-39.546
3900.00,3.50,-36.211,-35.317,-37.106,-38.401,-39.234,-39.405,-39.426,-39.382,-39.511,-39.545
3900.00,4.00,-36.236,-35.337,-37.136,-38.415,-39.203,-39.375,-39.404,-39.386,-39.506,-39.546
3900.00,4.50,-36.288,-35.394,-37.189,-38.425,-39.135,-39.323,-39.381,-39.394,-39.509,-39.549
3900.00,5.00,-36.343,-35.465,-37.238,-38.429,-39.064,-39.271,-39.363,-39.399,-39.514,-39.557
3900.00,5.50,-36.374,-35.505,-37.264,-38.427,-39.019,-39.236,-39.348,-39.400,-39.518,-39.564
4000.00,2.50,-36.407,-35.599,-37.250,-38.459,-39.259,-39.436,-39.477,-39.398,-39.544,-39.563
4000.00,3.00,-36.419,-35.614,-37.262,-38.468,-39.276,-39.445,-39.479,-39.410,-39.548,-39.571
4000.00,3.50,-36.415,-35.601,-37.266,-38.479,-39.284,-39.448,-39.474,-39.417,-39.545,-39.571
4000.00,4.00,-36.423,-35.600,-37.283,-38.492,-39.273,-39.436,-39.460,-39.421,-39.539,-39.569
4000.00,4.50,-36.457,-35.627,-37.323,-38.504,-39.221,-39.394,-39.440,-39.428,-39.540,-39.571
4000.00,5.00,-36.518,-35.701,-37.378,-38.509,-39.156,-39.347,-39.427,-39.439,-39.554,-39.587
4000.00,5.50,-36.546,-35.733,-37.405,-38.494,-39.064,-39.279,-39.404,-39.444,-39.568,-39.602
4100.00,2.50,-36.608,-35.868,-37.415,-38.542,-39.303,-39.470,-39.511,-39.433,-39.573,-39.590
4100.00,3.00,-36.606,-35.841,-37.430,-38.557,-39.322,-39.482,-39.518,-39.447,-39.581,-39.599
4100.00,3.50,-36.602,-35.827,-37.432,-38.563,-39.334,-39.489,-39.518,-39.454,-39.580,-39.600
4100.00,4.00,-36.600,-35.811,-37.441,-38.576,-39.335,-39.489,-39.514,-39.459,-39.578,-39.600
4100.00,4.50,-36.620,-35.818,-37.471,-38.590,-39.306,-39.464,-39.501,-39.466,-39.578,-39.600
4100.00,5.00,-36.659,-35.857,-37.510,-38.589,-39.239,-39.415,-39.485,-39.477,-39.592,-39.616
4100.00,5.50,-36.681,-35.877,-37.535,-38.592,-39.191,-39.380,-39.471,-39.481,-39.595,-39.622
4200.00,2.50,-36.784,-36.096,-37.562,-38.624,-39.345,-39.502,-39.543,-39.467,-39.601,-39.617
4200.00,3.00,-36.781,-36.071,-37.573,-38.636,-39.363,-39.515,-39.551,-39.479,-39.608,-39.623
4200.00,3.50,-36.783,-36.069,-37.580,-38.641,-39.374,-39.522,-39.553,-39.488,-39.611,-39.628
4200.00,4.00,-36.776,-36.046,-37.582,-38.651,-39.383,-39.528,-39.554,-39.492,-39.608,-39.624
4200.00,4.50,-36.784,-36.039,-37.600,-38.662,-39.368,-39.516,-39.547,-39.498,-39.608,-39.625
4200.00,5.00,-36.811,-36.059,-37.634,-38.667,-39.321,-39.481,-39.535,-39.509,-39.619,-39.636
4200.00,5.50,-36.834,-36.077,-37.660,-38.670,-39.273,-39.447,-39.523,-39.516,-39.627,-39.647
4300.00,2.50,-36.943,-36.295,-37.696,-38.704,-39.387,-39.535,-39.574,-39.501,-39.628,-39.642
4300.00,3.00,-36.942,-36.279,-37.706,-38.714,-39.403,-39.547,-39.582,-39.511,-39.634,-39.647
4300.00,3.50,-36.948,-36.283,-37.715,-38.718,-39.414,-39.554,-39.585,-39.523,-39.639,-39.654
4300.00,4.00,-36.941,-36.262,-37.716,-38.725,-39.424,-39.562,-39.588,-39.525,-39.636,-39.650
4300.00,4.50,-36.943,-36.251,-37.726,-38.734,-39.422,-39.560,-39.587,-39.530,-39.637,-39.652
4300.00,5.00,-36.962,-36.257,-37.755,-38.744,-39.394,-39.539,-39.580,-39.540,-39.645,-39.658
4300.00,5.50,-36.976,-36.260,-37.777,-38.744,-39.343,-39.503,-39.568,-39.548,-39.654,-39.668
4400.00,2.50,-37.085,-36.468,-37.816,-38.780,-39.426,-39.567,-39.605,-39.529,-39.652,-39.661
4400.00,3.00,-37.091,-36.467,-37.829,-38.789,-39.442,-39.578,-39.612,-39.543,-39.660,-39.671
4400.00,3.50,-37.096,-36.469,-37.837,-38.794,-39.455,-39.587,-39.617,-39.552,-39.661,-39.673
4400.00,4.00,-37.095,-36.459,-37.842,-38.798,-39.462,-39.593,-39.620,-39.558,-39.663,-39.676
4400.00,4.50,-37.093,-36.446,-37.848,-38.805,-39.468,-39.598,-39.621,-39.562,-39.664,-39.678
4400.00,5.00,-37.103,-36.441,-37.868,-38.815,-39.451,-39.586,-39.618,-39.569,-39.669,-39.679
4400.00,5.50,-37.113,-36.437,-37.888,-38.815,-39.409,-39.555,-39.609,-39.578,-39.679,-39.689
4500.00,2.50,-37.231,-36.646,-37.939,-38.857,-39.464,-39.598,-39.634,-39.563,-39.680,-39.689
4500.00,3.00,-37.232,-36.643,-37.946,-38.861,-39.479,-39.608,-39.641,-39.574,-39.685,-39.695
4500.00,3.50,-37.234,-36.643,-37.950,-38.863,-39.490,-39.616,-39.644,-39.583,-39.687,-39.698
4500.00,4.00,-37.239,-36.642,-37.960,-38.870,-39.500,-39.624,-39.649,-39.590,-39.689,-39.701
4500.00,4.50,-37.237,-36.629,-37.965,-38.875,-39.506,-39.629,-39.651,-39.593,-39.690,-39.703
4500.00,5.00,-37.240,-36.619,-37.977,-38.882,-39.501,-39.627,-39.652,-39.599,-39.693,-39.706
4500.00,5.50,-37.255,-36.620,-38.003,-38.891,-39.477,-39.610,-39.649,-39.609,-39.702,-39.709
4600.00,2.50,-37.361,-36.804,-38.049,-38.925,-39.499,-39.627,-39.661,-39.598,-39.704,-39.712
4600.00,3.00,-37.366,-36.807,-38.057,-38.930,-39.514,-39.637,-39.668,-39.605,-39.710,-39.719
4600.00,3.50,-37.366,-36.806,-38.059,-38.931,-39.524,-39.644,-39.671,-39.614,-39.712,-39.724
4600.00,4.00,-37.375,-36.810,-38.070,-38.939,-39.536,-39.654,-39.677,-39.620,-39.714,-39.725
4600.00,4.50,-37.372,-36.799,-38.075,-38.943,-39.543,-39.660,-39.680,-39.624,-39.715,-39.726
4600.00,5.00,-37.374,-36.789,-38.085,-38.949,-39.545,-39.663,-39.683,-39.628,-39.716,-39.728
4600.00,5.50,-37.382,-36.782,-38.104,-38.957,-39.530,-39.653,-39.682,-39.636,-39.723,-39.731
4700.00,2.50,-37.484,-36.952,-38.152,-38.990,-39.534,-39.655,-39.687,-39.627,-39.728,-39.736
4700.00,3.00,-37.493,-36.962,-38.162,-38.996,-39.548,-39.665,-39.695,-39.635,-39.734,-39.743
4700.00,3.50,-37.495,-36.964,-38.165,-38.997,-39.557,-39.672,-39.698,-39.645,-39.737,-39.749
4700.00,4.00,-37.503,-36.968,-38.175,-39.004,-39.569,-39.682,-39.704,-39.650,-39.738,-39.749
4700.00,4.50,-37.503,-36.961,-38.182,-39.009,-39.576,-39.688,-39.707,-39.655,-39.740,-39.750
4700.00,5.00,-37.502,-36.951,-38.189,-39.014,-39.581,-39.693,-39.711,-39.658,-39.740,-39.751
4700.00,5.50,-37.505,-36.940,-38.202,-39.021,-39.575,-39.690,-39.712,-39.664,-39.744,-39.753
4800.00,2.50,-37.605,-37.097,-38.255,-39.054,-39.568,-39.683,-39.712,-39.657,-39.752,-39.760
4800.00,3.00,-37.616,-37.110,-38.264,-39.060,-39.581,-39.694,-39.721,-39.665,-39.759,-39.767
4800.00,3.50,-37.614,-37.108,-38.263,-39.059,-39.590,-39.699,-39.723,-39.673,-39.761,-39.772
4800.00,4.00,-37.622,-37.114,-38.273,-39.066,-39.601,-39.709,-39.729,-39.679,-39.762,-39.771
4800.00,4.50,-37.626,-37.112,-38.282,-39.071,-39.608,-39.715,-39.733,-39.684,-39.763,-39.773
4800.00,5.00,-37.625,-37.103,-38.288,-39.076,-39.615,-39.722,-39.737,-39.687,-39.764,-39.774
4800.00,5.50,-37.631,-37.099,-38.302,-39.086,-39.621,-39.728,-39.741,-39.691,-39.765,-39.775
4900.00,2.50,-37.722,-37.237,-38.353,-39.115,-39.601,-39.711,-39.737,-39.685,-39.775,-39.782
4900.00,3.00,-37.731,-37.250,-38.360,-39.120,-39.613,-39.721,-39.746,-39.693,-39.782,-39.789
4900.00,3.50,-37.735,-37.255,-38.364,-39.123,-39.623,-39.728,-39.750,-39.702,-39.784,-39.793
4900.00,4.00,-37.740,-37.258,-38.371,-39.127,-39.633,-39.736,-39.755,-39.708,-39.785,-39.794
4900.00,4.50,-37.740,-37.253,-38.375,-39.130,-39.640,-39.742,-39.758,-39.712,-39.786,-39.795
4900.00,5.00,-37.743,-37.248,-38.384,-39.136,-39.646,-39.748,-39.762,-39.716,-39.786,-39.796
4900.00,5.50,-37.743,-37.237,-38.392,-39.142,-39.651,-39.754,-39.766,-39.719,-39.787,-39.795
5000.00,2.50,-37.823,-37.359,-38.436,-39.163,-39.625,-39.730,-39.753,-39.709,-39.788,-39.797
5000.00,3.00,-37.842,-37.382,-38.452,-39.178,-39.646,-39.748,-39.770,-39.721,-39.804,-39.812
5000.00,3.50,-37.846,-37.388,-38.455,-39.180,-39.654,-39.754,-39.774,-39.730,-39.806,-39.815
5000.00,4.00,-37.852,-37.392,-38.463,-39.185,-39.663,-39.762,-39.780,-39.736,-39.808,-39.816
5000.00,4.50,-37.853,-37.390,-38.468,-39.189,-39.671,-39.769,-39.783,-39.740,-39.808,-39.817
5000.00,5.00,-37.855,-37.385,-38.475,-39.193,-39.677,-39.775,-39.787,-39.744,-39.809,-39.817
5000.00,5.50,-37.853,-37.374,-38.481,-39.198,-39.681,-39.779,-39.790,-39.747,-39.810,-39.818
5100.00,2.50,-37.931,-37.488,-38.526,-39.219,-39.656,-39.756,-39.777,-39.736,-39.810,-39.818
5100.00,3.00,-37.948,-37.509,-38.540,-39.233,-39.676,-39.774,-39.793,-39.748,-39.826,-39.833
5100.00,3.50,-37.951,-37.514,-38.542,-39.235,-39.685,-39.781,-39.797,-39.756,-39.827,-39.836
5100.00,4.00,-37.959,-37.521,-38.551,-39.241,-39.693,-39.788,-39.803,-39.763,-39.830,-39.838
5100.00,4.50,-37.959,-37.518,-38.554,-39.243,-39.700,-39.794,-39.807,-39.766,-39.830,-39.838
5100.00,5.00,-37.963,-37.516,-38.562,-39.249,-39.707,-39.801,-39.811,-39.771,-39.831,-39.839
5100.00,5.50,-37.961,-37.507,-38.567,-39.253,-39.715,-39.808,-39.814,-39.772,-39.830,-39.837
5200.00,2.50,-38.042,-37.619,-38.620,-39.282,-39.695,-39.790,-39.808,-39.765,-39.841,-39.849
5200.00,3.00,-38.051,-37.632,-38.625,-39.286,-39.706,-39.799,-39.816,-39.775,-39.847,-39.855
5200.00,3.50,-38.053,-37.636,-38.626,-39.288,-39.715,-39.806,-39.820,-39.782,-39.848,-39.856
5200.00,4.00,-38.060,-37.642,-38.634,-39.293,-39.723,-39.813,-39.826,-39.788,-39.851,-39.860
5200.00,4.50,-38.061,-37.641,-38.638,-39.296,-39.730,-39.820,-39.830,-39.792,-39.852,-39.859
5200.00,5.00,-38.065,-37.640,-38.646,-39.302,-39.736,-39.826,-39.834,-39.797,-39.853,-39.861
5200.00,5.50,-38.067,-37.636,-38.654,-39.308,-39.743,-39.832,-39.839,-39.800,-39.852,-39.859
5300.00,2.50,-38.141,-37.738,-38.701,-39.332,-39.722,-39.814,-39.830,-39.792,-39.861,-39.869
5300.00,3.00,-38.149,-37.749,-38.706,-39.337,-39.734,-39.824,-39.838,-39.801,-39.868,-39.875
5300.00,3.50,-38.152,-37.754,-38.708,-39.340,-39.742,-39.831,-39.843,-39.809,-39.870,-39.879
5300.00,4.00,-38.159,-37.761,-38.715,-39.345,-39.752,-39.839,-39.849,-39.814,-39.872,-39.879
5300.00,4.50,-38.159,-37.759,-38.718,-39.347,-39.758,-39.844,-39.852,-39.818,-39.873,-39.880
5300.00,5.00,-38.162,-37.757,-38.725,-39.352,-39.763,-39.849,-39.857,-39.823,-39.874,-39.881
5300.00,5.50,-38.166,-37.755,-38.733,-39.358,-39.771,-39.857,-39.861,-39.825,-39.873,-39.879
5400.00,2.50,-38.236,-37.851,-38.778,-39.381,-39.750,-39.838,-39.852,-39.819,-39.881,-39.888
5400.00,3.00,-38.244,-37.863,-38.783,-39.386,-39.762,-39.848,-39.860,-39.828,-39.888,-39.895
5400.00,3.50,-38.247,-37.868,-38.786,-39.389,-39.771,-39.855,-39.865,-39.835,-39.890,-39.898
5400.00,4.00,-38.253,-37.873,-38.792,-39.394,-39.779,-39.863,-39.871,-39.839,-39.892,-39.900
5400.00,4.50,-38.253,-37.871,-38.795,-39.396,-39.786,-39.868,-39.874,-39.843,-39.893,-39.900
5400.00,5.00,-38.258,-37.872,-38.803,-39.401,-39.791,-39.873,-39.879,-39.848,-39.895,-39.902
5400.00,5.50,-38.263,-37.873,-38.812,-39.408,-39.800,-39.881,-39.884,-39.851,-39.895,-39.901
5500.00,2.50,-38.329,-37.962,-38.853,-39.428,-39.776,-39.861,-39.874,-39.846,-39.900,-39.908
5500.00,3.00,-38.335,-37.972,-38.858,-39.433,-39.788,-39.871,-39.882,-39.853,-39.907,-39.914
5500.00,3.50,-38.340,-37.978,-38.861,-39.437,-39.798,-39.880,-39.887,-39.860,-39.909,-39.917
5500.00,4.00,-38.343,-37.981,-38.866,-39.441,-39.806,-39.886,-39.892,-39.864,-39.912,-39.919
5500.00,4.50,-38.344,-37.980,-38.869,-39.443,-39.813,-39.892,-39.895,-39.867,-39.913,-39.920
5500.00,5.00,-38.352,-37.985,-38.880,-39.450,-39.820,-39.899,-39.902,-39.873,-39.916,-39.922
5500.00,5.50,-38.353,-37.980,-38.885,-39.455,-39.826,-39.904,-39.905,-39.875,-39.915,-39.921
5600.00,2.50,-38.418,-38.069,-38.925,-39.474,-39.802,-39.884,-39.895,-39.871,-39.920,-39.927
5600.00,3.00,-38.425,-38.079,-38.930,-39.480,-39.814,-39.895,-39.903,-39.879,-39.927,-39.934
5600.00,3.50,-38.425,-38.079,-38.931,-39.481,-39.823,-39.902,-39.907,-39.885,-39.930,-39.938
5600.00,4.00,-38.430,-38.085,-38.937,-39.486,-39.832,-39.910,-39.913,-39.888,-39.932,-39.938
5600.00,4.50,-38.431,-38.083,-38.940,-39.489,-39.839,-39.915,-39.917,-39.891,-39.933,-39.939
5600.00,5.00,-38.439,-38.089,-38.951,-39.496,-39.846,-39.922,-39.923,-39.896,-39.935,-39.941
5600.00,5.50,-38.441,-38.086,-38.957,-39.500,-39.852,-39.927,-39.927,-39.899,-39.935,-39.940
5700.00,2.50,-38.506,-38.174,-38.995,-39.518,-39.826,-39.906,-39.915,-39.897,-39.940,-39.946
5700.00,3.00,-38.512,-38.182,-39.000,-39.524,-39.839,-39.917,-39.924,-39.904,-39.947,-39.953
5700.00,3.50,-38.513,-38.183,-39.003,-39.527,-39.849,-39.926,-39.929,-39.909,-39.950,-39.957
5700.00,4.00,-38.516,-38.186,-39.007,-39.531,-39.858,-39.932,-39.934,-39.913,-39.952,-39.958
5700.00,4.50,-38.516,-38.184,-39.009,-39.533,-39.865,-39.937,-39.937,-39.915,-39.953,-39.958
5700.00,5.00,-38.524,-38.189,-39.020,-39.540,-39.872,-39.944,-39.944,-39.920,-39.955,-39.961
5700.00,5.50,-38.508,-38.164,-39.014,-39.534,-39.865,-39.941,-39.945,-39.922,-39.955,-39.960
5800.00,2.50,-38.584,-38.268,-39.056,-39.554,-39.843,-39.921,-39.929,-39.917,-39.951,-39.956
5800.00,3.00,-38.597,-38.282,-39.068,-39.567,-39.863,-39.939,-39.945,-39.929,-39.966,-39.972
5800.00,3.50,-38.596,-38.281,-39.070,-39.570,-39.873,-39.947,-39.950,-39.934,-39.969,-39.976
5800.00,4.00,-38.599,-38.284,-39.074,-39.574,-39.882,-39.954,-39.955,-39.937,-39.972,-39.977
5800.00,4.50,-38.598,-38.282,-39.076,-39.576,-39.889,-39.959,-39.958,-39.939,-39.972,-39.978
5800.00,5.00,-38.605,-38.286,-39.085,-39.582,-39.897,-39.967,-39.964,-39.943,-39.974,-39.979
5800.00,5.50,-38.609,-38.286,-39.093,-39.587,-39.903,-39.972,-39.969,-39.946,-39.975,-39.979
5900.00,2.50,-38.668,-38.368,-39.122,-39.596,-39.866,-39.943,-39.950,-39.942,-39.971,-39.976
5900.00,3.00,-38.679,-38.380,-39.134,-39.609,-39.886,-39.961,-39.965,-39.954,-39.985,-39.991
5900.00,3.50,-38.677,-38.378,-39.135,-39.611,-39.897,-39.969,-39.970,-39.957,-39.988,-39.994
5900.00,4.00,-38.679,-38.379,-39.139,-39.615,-39.906,-39.976,-39.975,-39.961,-39.991,-39.996
5900.00,4.50,-38.680,-38.378,-39.143,-39.619,-39.914,-39.982,-39.980,-39.963,-39.992,-39.997
5900.00,5.00,-38.684,-38.379,-39.149,-39.623,-39.921,-39.988,-39.985,-39.966,-39.993,-39.997
5900.00,5.50,-38.690,-38.382,-39.158,-39.629,-39.928,-39.995,-39.989,-39.969,-39.994,-39.998
6000.00,2.50,-38.753,-38.472,-39.185,-39.635,-39.891,-39.966,-39.971,-39.965,-39.991,-39.995
6000.00,3.00,-38.755,-38.473,-39.191,-39.643,-39.906,-39.979,-39.982,-39.973,-40.000,-40.003
6000.00,3.50,-38.759,-38.476,-39.198,-39.651,-39.920,-39.990,-39.989,-39.979,-40.005,-40.010
6000.00,4.00,-38.755,-38.470,-39.198,-39.653,-39.928,-39.996,-39.994,-39.982,-40.007,-40.012
6000.00,4.50,-38.755,-38.468,-39.203,-39.657,-39.935,-40.003,-39.999,-39.985,-40.010,-40.014
6000.00,5.00,-38.757,-38.467,-39.209,-39.661,-39.943,-40.008,-40.004,-39.988,-40.011,-40.016
6000.00,5.50,-38.762,-38.469,-39.217,-39.666,-39.950,-40.015,-40.009,-39.991,-40.012,-40.015
6100.00,2.50,-38.833,-38.568,-39.246,-39.674,-39.912,-39.985,-39.989,-39.991,-40.018,-40.022
6100.00,3.00,-38.833,-38.565,-39.252,-39.682,-39.928,-39.999,-40.001,-39.997,-40.020,-40.023
6100.00,3.50,-38.837,-38.569,-39.259,-39.690,-39.942,-40.011,-40.009,-40.002,-40.023,-40.028
6100.00,4.00,-38.832,-38.561,-39.259,-39.692,-39.950,-40.017,-40.013,-40.006,-40.028,-40.033
6100.00,4.50,-38.829,-38.555,-39.262,-39.694,-39.958,-40.023,-40.018,-40.008,-40.030,-40.035
6100.00,5.00,-38.832,-38.555,-39.269,-39.699,-39.965,-40.029,-40.024,-40.011,-40.031,-40.035
6100.00,5.50,-38.836,-38.555,-39.276,-39.704,-39.972,-40.035,-40.028,-40.013,-40.031,-40.035
6200.00,2.50,-38.909,-38.659,-39.305,-39.711,-39.932,-40.003,-40.007,-40.013,-40.037,-40.041
6200.00,3.00,-38.909,-38.655,-39.311,-39.720,-39.948,-40.018,-40.020,-40.020,-40.039,-40.042
6200.00,3.50,-38.908,-38.652,-39.315,-39.726,-39.963,-40.031,-40.027,-40.022,-40.039,-40.043
6200.00,4.00,-38.905,-38.648,-39.317,-39.729,-39.972,-40.037,-40.032,-40.028,-40.047,-40.051
6200.00,4.50,-38.903,-38.643,-39.321,-39.733,-39.981,-40.044,-40.038,-40.030,-40.048,-40.052
6200.00,5.00,-38.904,-38.641,-39.326,-39.736,-39.988,-40.049,-40.043,-40.033,-40.050,-40.054
6200.00,5.50,-38.906,-38.639,-39.333,-39.741,-39.994,-40.055,-40.048,-40.036,-40.050,-40.054
6300.00,2.50,-38.983,-38.746,-39.361,-39.746,-39.952,-40.022,-40.026,-40.032,-40.050,-40.052
6300.00,3.00,-38.983,-38.743,-39.368,-39.756,-39.968,-40.037,-40.038,-40.041,-40.058,-40.060
6300.00,3.50,-38.979,-38.736,-39.370,-39.761,-39.983,-40.049,-40.044,-40.044,-40.061,-40.066
6300.00,4.00,-38.977,-38.732,-39.373,-39.765,-39.994,-40.057,-40.050,-40.049,-40.065,-40.070
6300.00,4.50,-38.973,-38.725,-39.376,-39.768,-40.002,-40.063,-40.056,-40.052,-40.067,-40.071
6300.00,5.00,-38.974,-38.724,-39.382,-39.772,-40.010,-40.070,-40.061,-40.054,-40.068,-40.072
6300.00,5.50,-38.976,-38.722,-39.388,-39.777,-40.017,-40.075,-40.067,-40.057,-40.068,-40.071
6400.00,2.50,-39.055,-38.832,-39.416,-39.781,-39.971,-40.040,-40.044,-40.051,-40.064,-40.067
6400.00,3.00,-39.056,-38.829,-39.424,-39.791,-39.989,-40.057,-40.056,-40.061,-40.073,-40.076
6400.00,3.50,-39.051,-38.822,-39.425,-39.796,-40.002,-40.067,-40.062,-40.066,-40.081,-40.085
6400.00,4.00,-39.047,-38.815,-39.428,-39.800,-40.014,-40.076,-40.068,-40.069,-40.083,-40.087
6400.00,4.50,-39.044,-38.808,-39.432,-39.804,-40.024,-40.084,-40.075,-40.072,-40.084,-40.087
6400.00,5.00,-39.042,-38.804,-39.436,-39.807,-40.032,-40.089,-40.080,-40.074,-40.084,-40.088
6400.00,5.50,-39.044,-38.802,-39.442,-39.811,-40.039,-40.095,-40.085,-40.077,-40.085,-40.088
6500.00,2.50,-39.129,-38.919,-39.470,-39.814,-39.988,-40.057,-40.063,-40.071,-40.078,-40.079
6500.00,3.00,-39.125,-38.911,-39.476,-39.825,-40.007,-40.074,-40.073,-40.079,-40.090,-40.092
6500.00,3.50,-39.118,-38.901,-39.477,-39.829,-40.021,-40.085,-40.080,-40.084,-40.095,-40.098
6500.00,4.00,-39.115,-38.895,-39.481,-39.835,-40.034,-40.095,-40.086,-40.088,-40.100,-40.104
6500.00,4.50,-39.110,-38.886,-39.484,-39.837,-40.043,-40.102,-40.092,-40.093,-40.105,-40.109
6500.00,5.00,-39.108,-38.882,-39.488,-39.841,-40.053,-40.108,-40.097,-40.094,-40.102,-40.105
6500.00,5.50,-39.109,-38.880,-39.494,-39.845,-40.061,-40.115,-40.103,-40.096,-40.102,-40.105
6600.00,2.50,-39.194,-38.995,-39.519,-39.847,-40.011,-40.079,-40.079,-40.080,-40.073,-40.073
6600.00,3.00,-39.194,-38.992,-39.528,-39.857,-40.026,-40.091,-40.090,-40.096,-40.105,-40.106
6600.00,3.50,-39.189,-38.984,-39.530,-39.863,-40.039,-40.103,-40.098,-40.104,-40.116,-40.120
6600.00,4.00,-39.183,-38.974,-39.533,-39.868,-40.053,-40.113,-40.104,-40.108,-40.120,-40.123
6600.00,4.50,-39.176,-38.964,-39.535,-39.871,-40.063,-40.120,-40.110,-40.112,-40.122,-40.125
6600.00,5.00,-39.173,-38.958,-39.538,-39.874,-40.073,-40.127,-40.115,-40.113,-40.120,-40.123
6600.00,5.50,-39.173,-38.955,-39.544,-39.878,-40.082,-40.134,-40.120,-40.115,-40.118,-40.121
6700.00,2.50,-39.263,-39.072,-39.574,-39.882,-40.035,-40.102,-40.100,-40.090,-40.073,-40.051
6700.00,3.00,-39.262,-39.072,-39.578,-39.889,-40.043,-40.108,-40.106,-40.113,-40.121,-40.122
6700.00,3.50,-39.255,-39.061,-39.583,-39.896,-40.057,-40.121,-40.116,-40.123,-40.133,-40.135
6700.00,4.00,-39.247,-39.050,-39.582,-39.900,-40.072,-40.131,-40.120,-40.123,-40.133,-40.137
6700.00,4.50,-39.239,-39.039,-39.583,-39.902,-40.081,-40.137,-40.126,-40.129,-40.139,-40.142
6700.00,5.00,-39.236,-39.031,-39.588,-39.906,-40.093,-40.146,-40.132,-40.131,-40.136,-40.138
6700.00,5.50,-39.235,-39.028,-39.593,-39.910,-40.102,-40.152,-40.137,-40.133,-40.134,-40.136
6800.00,2.50,-39.332,-39.150,-39.630,-39.918,-40.058,-40.123,-40.121,-40.104,-40.084,-40.030
6800.00,3.00,-39.328,-39.151,-39.626,-39.918,-40.060,-40.124,-40.121,-40.129,-40.137,-40.138
6800.00,3.50,-39.322,-39.139,-39.632,-39.928,-40.075,-40.138,-40.132,-40.139,-40.147,-40.148
6800.00,4.00,-39.312,-39.125,-39.632,-39.931,-40.090,-40.148,-40.137,-40.141,-40.149,-40.153
6800.00,4.50,-39.303,-39.113,-39.632,-39.933,-40.101,-40.155,-40.142,-40.145,-40.154,-40.157
6800.00,5.00,-39.298,-39.104,-39.636,-39.937,-40.111,-40.163,-40.149,-40.149,-40.153,-40.155
6800.00,5.50,-39.295,-39.099,-39.640,-39.941,-40.122,-40.171,-40.154,-40.150,-40.150,-40.152
6900.00,2.50,-39.396,-39.233,-39.670,-39.940,-40.066,-40.129,-40.128,-40.133,-40.118,-40.094
6900.00,3.00,-39.391,-39.226,-39.671,-39.947,-40.077,-40.142,-40.137,-40.140,-40.148,-40.160
6900.00,3.50,-39.386,-39.215,-39.679,-39.958,-40.093,-40.154,-40.148,-40.154,-40.161,-40.161
6900.00,4.00,-39.376,-39.200,-39.680,-39.962,-40.107,-40.165,-40.154,-40.159,-40.169,-40.173
6900.00,4.50,-39.364,-39.185,-39.678,-39.963,-40.118,-40.172,-40.158,-40.162,-40.170,-40.173
6900.00,5.00,-39.357,-39.174,-39.681,-39.967,-40.130,-40.180,-40.164,-40.164,-40.169,-40.172
6900.00,5.50,-39.354,-39.167,-39.686,-39.971,-40.140,-40.188,-40.171,-40.168,-40.168,-40.168
7000.00,2.50,-39.460,-39.308,-39.714,-39.968,-40.081,-40.144,-40.143,-40.150,-40.135,-40.113
7000.00,3.00,-39.453,-39.299,-39.716,-39.975,-40.093,-40.157,-40.151,-40.155,-40.162,-40.174
7000.00,3.50,-39.448,-39.287,-39.724,-39.986,-40.109,-40.170,-40.162,-40.169,-40.175,-40.175
7000.00,4.00,-39.438,-39.273,-39.726,-39.991,-40.122,-40.180,-40.170,-40.176,-40.186,-40.185
7000.00,4.50,-39.426,-39.257,-39.726,-39.994,-40.135,-40.189,-40.174,-40.178,-40.185,-40.187
7000.00,5.00,-39.417,-39.243,-39.728,-39.997,-40.148,-40.197,-40.181,-40.181,-40.183,-40.181
7000.00,5.50,-39.412,-39.235,-39.732,-40.000,-40.159,-40.205,-40.187,-40.184,-40.183,-40.182