Zooniverse ID,HD Number,WISE ID,SpType,Btmag,Bterr,Vtmag,Vterr,Bt-Vt,,Bmag,Berr,Vmag,Verr,Gmag,Gmagerr,Rmag,Rmagerr,Imag,Imagerr,gmag,gmagerr,rmag,rmagerr,imag,imagerr,Jmag,Jmagerr,w4xs,w4xs_err,Notes,,W1mag,W1err,W1cormag,dW1cor/dW1mag,W1corerr,W4mag,W4err,W4new,W4new_err,W4use,W4use_err,,,,,,,,,,,
AWI0000gib,1777,J002133.47-661816.6,A0V,7.378,0.015,7.362,0.01,0.016,0.018027756,,,,,7.393,0.001,,,,,,,,,,,7.365,0.027,0.563,0.071,,,7.356,0.027,7.356,1.0057624,0.027,6.793,0.066,,,6.793,0.066,,AWI0000gib,J002133.47-661816.6,7.365,,,,,,,
AWI0005mry,3051,J003412.66+540359.0,,7.725,0.015,7.609,0.01,0.116,0.018027756,,,,,7.612,0.01,,,,,,,,,,,7.350,0.019,0.465,0.083,,,7.346,0.049,7.346,1.0058084,0.049,6.881,0.067,,,6.881,0.067,,AWI0005mry,3051,J003412.66+540359.0,7.350,0.019,,,,,
AWI00062m4,      ,J004826.42+020753.0,,11.839,0.093,10.401,0.045,1.438,0.103315052,,,,,9.952,0.001,,,,,,,,,,,8.490,0.026,2.295,0.049,,,7.685,0.024,7.687,1.004249,0.024,5.392,0.043,,,5.392,0.043,,AWI00062m4,      ,J004826.42+020753.0,8.490,0.026,,,,,
AWI0005yiv,5741,J005926.26+400918.2,,7.74,0.015,7.554,0.01,0.186,0.018027756,,,,,7.524,0.001,,,,,,,,,,,7.170,0.018,0.488,0.062,,,7.14,0.031,7.139,1.006756,0.031,6.651,0.054,,,6.651,0.054,,AWI0005yiv,5741,J005926.26+400918.2,7.170,0.018,,,,,
AWI00055sx,6370,J010652.55+743754.5,,8.497,0.015,8.382,0.012,0.115,0.019209373,,,,,8.386,0.001,,,,,,,,,,,8.168,0.029,1.010,0.090,,,8.149,0.023,8.149,1,0.023,7.139,0.087,,,7.139,0.087,,AWI00055sx,6370,J010652.55+743754.5,8.168,0.029,,,,,
AWI00055sz,7406,J011636.23+740136.6,,7.101,0.015,7.055,0.01,0.046,0.018027756,,,,,6.963,0.001,,,,,,,,,,,6.764,0.056,0.641,0.055,,,6.603,0.039,6.597,1.0092262,0.039,5.956,0.038,,,5.956,0.038,,AWI00055sz,7406,J011636.23+740136.6,6.764,0.056,,,,,
AWI00062mq,,J011743.47-523330.8,F3Ve,11.39,0.058,10.808,0.053,0.582,0.078568442,,,,,10.746,0.001,,,,,,,,,,,10.01,0.024,6.243,0.030,,,8.687,0.022,8.687,1,0.022,2.444,0.02,,,2.444,0.02,,AWI00062mq,J011743.47-523330.8,10.01,,,,,,,
AWI0005w6c,8731,J012650.26+454038.8,,7.46,0.015,7.537,0.011,-0.077,0.018601075,,,,,,,,,,,,,,,,,7.596,0.020,1.006,0.078,,,7.625,0.025,7.626,1.004525,0.025,6.62,0.074,,,6.62,0.074,,AWI0005w6c,8731,J012650.26+454038.8,7.596,0.020,,,,,
AWI0004ne5,9590,J013525.89+560237.3,,7.087,0.015,7.023,0.01,0.064,0.018027756,,,,,,,,,,,,,,,,,6.791,0.018,0.706,0.060,,,6.816,0.036,6.812,1.0082464,0.036,6.106,0.048,,,6.106,0.048,,AWI0004ne5,9590,J013525.89+560237.3,6.791,0.018,,,,,
AWI00062a8,9985,J013756.15+211539.9,,8.078,0.016,7.965,0.012,0.113,0.02,,,,,7.984,0.001,,,,,,,,,,,7.824,0.018,2.023,0.045,,,7.782,0.024,7.784,1.0038028,0.024,5.761,0.038,,,5.761,0.038,,AWI00062a8,9985,J013756.15+211539.9,7.824,0.018,,,,,
AWI0005aeg,      ,J013833.77+780834.3,,10.256,0.028,9.826,0.026,0.43,0.038209946,,,,,9.642,0.003,,,,,,,,,,,8.915,0.030,1.234,0.067,,,8.187,0.023,8.187,1,0.023,6.953,0.063,,,6.953,0.063,,AWI0005aeg,      ,J013833.77+780834.3,8.915,0.030,,,,,
AWI0000nxi,10324,J014113.00+163051.7,,8.884,0.019,8.543,0.015,0.341,0.024207437,,,,,,,,,,,,,,,,,7.894,0.021,1.432,0.060,,,7.707,0.024,7.709,1.0041478,0.024,6.277,0.055,,,6.277,0.055,,AWI0000nxi,10324,J014113.00+163051.7,7.894,0.021,,,,,
AWI0005zx4,11085,J014928.21+244048.7,,8.462,0.017,8.325,0.014,0.137,0.022022716,,,,,8.291,0.001,,,,,,,,,,,8.013,0.019,0.666,0.108,,,7.903,0.024,7.905,1.0032462,0.024,7.239,0.105,,,7.239,0.105,,AWI0005zx4,11085,J014928.21+244048.7,8.013,0.019,,,,,
AWI00062aj,12445,J020221.16+192323.6,,8.558,0.018,8.417,0.014,0.141,0.022803509,,,,,8.386,0.003,,,,,,,,,,,8.090,0.024,0.942,0.099,,,8.013,0.023,8.013,1,0.023,7.071,0.096,,,7.071,0.096,,AWI00062aj,12445,J020221.16+192323.6,8.090,0.024,,,,,
AWI0005w6v,13563,J021327.01+421923.3,,9.486,0.02,9.152,0.018,0.334,0.026907248,,,,,9.15,0.001,,,,,,,,,,,8.701,0.018,1.588,0.111,,,8.58,0.024,8.580,1,0.024,6.992,0.108,,,6.992,0.108,,AWI0005w6v,13563,J021327.01+421923.3,8.701,0.018,,,,,
AWI0005yjp,14893,J022515.75+370707.9,,7.324,0.015,7.334,0.011,-0.01,0.018601075,,,,,,,,,,,,,,,,,7.341,0.018,1.096,0.066,,,7.404,0.027,7.404,1.0055416,0.027,6.308,0.06,,,6.308,0.06,,AWI0005yjp,14893,J022515.75+370707.9,7.341,0.018,,,,,
AWI0005yjq,15512,J023047.36+360701.7,,8.016,0.016,7.83,0.011,0.186,0.019416488,,,,,7.806,0.001,,,,,,,,,,,7.504,0.026,1.268,0.063,,,7.452,0.027,7.452,1.0053208,0.027,6.184,0.057,,,6.184,0.057,,AWI0005yjq,15512,J023047.36+360701.7,7.504,0.026,,,,,
AWI0005w77,      ,J023720.84+395345.8,,6.384,0.014,6.504,0.01,-0.12,0.017204651,,,,,,,,,,,,,,,,,6.679,0.023,1.082,0.056,,,6.844,0.037,6.840,1.0081176,0.037,5.758,0.042,,,5.758,0.042,,AWI0005w77,      ,J023720.84+395345.8,6.679,0.023,,,,,
AWI0005zfw,17008,J024430.00+280053.8,,8.138,0.017,7.946,0.013,0.192,0.021400935,,,,,7.923,0.001,,,,,,,,,,,7.580,0.019,0.633,0.092,,,7.52,0.025,7.521,1.005008,0.025,6.888,0.089,,,6.888,0.089,,AWI0005zfw,17008,J024430.00+280053.8,7.580,0.019,,,,,
AWI000425z,17217,J024755.37+553648.4,,7.069,0.015,6.934,0.01,0.135,0.018027756,,,,,6.92,0.00049,,,,,,,,,,,6.623,0.020,0.518,0.064,,,6.595,0.04,6.589,1.009263,0.040,6.071,0.05,,,6.071,0.05,,AWI000425z,17217,J024755.37+553648.4,6.623,0.020,,,,,
AWI0000phh,18271,J025614.05+040254.2,,7.752,0.018,7.71,0.014,0.042,0.022803509,,,,,,,,,,,,,,,,,7.664,0.032,0.889,0.088,,,7.651,0.025,7.652,1.0044054,0.025,6.681,0.078,6.763780354,0.084180759,6.763780354,0.084180759,,AWI0000phh,18271,J025614.05+040254.2,7.664,0.032,,,,,
AWI0005yk3,19257,J030651.95+303136.8,,7.411,0.015,7.097,0.011,0.314,0.018601075,,,,,7.01,0.001,,,,,,,,,,,6.470,0.020,2.104,0.047,,,6.371,0.036,6.363,1.0102934,0.036,4.259,0.029,,,4.259,0.029,,AWI0005yk3,19257,J030651.95+303136.8,6.470,0.020,,,,,
AWI00062ic,19622,J030854.20-185809.1,A0V,7.249,0.015,7.192,0.01,0.057,0.018027756,,,,,7.155,0.001,,,,,,,,,,,6.734,0.023,0.547,0.058,,,6.307,0.047,6.298,1.0105878,0.047,5.751,0.034,,,5.751,0.034,,AWI00062ic,J030854.20-185809.1,6.734,,,,,,,
AWI00055vo,      ,J031738.10+731810.2,,11.091,0.043,10.328,0.033,0.763,0.054203321,,,,,9.943,0.002,,,,,,,,,,,8.753,0.020,1.627,0.087,,,8.355,0.023,8.355,1,0.023,6.728,0.084,,,6.728,0.084,,AWI00055vo,      ,J031738.10+731810.2,8.753,0.020,,,,,
AWI0005w7o,20994,J032429.84+341709.9,,8.983,0.018,8.703,0.015,0.28,0.023430749,,,,,8.592,0.003,,,,,,,,,,,7.931,0.027,1.324,0.075,,,7.759,0.023,7.761,1.0039086,0.023,6.437,0.071,,,6.437,0.071,,AWI0005w7o,20994,J032429.84+341709.9,7.931,0.027,,,,,
AWI0005ykd,21062,J032448.99+283908.6,,7.288,0.015,7.139,0.01,0.149,0.018027756,,,,,7.121,0.001,,,,,,,,,,,6.838,0.018,0.632,0.068,,,6.847,0.036,6.843,1.0081038,0.036,6.211,0.057,,,6.211,0.057,,AWI0005ykd,21062,J032448.99+283908.6,6.838,0.018,,,,,
AWI0005zy4,21134,J032504.59+105835.0,,7.463,0.015,7.312,0.011,0.151,0.018601075,,,,,7.298,0.001,,,,,,,,,,,7.021,0.024,0.493,0.076,,,6.989,0.034,6.987,1.0074506,0.034,6.494,0.068,,,6.494,0.068,,AWI0005zy4,21134,J032504.59+105835.0,7.021,0.024,,,,,
AWI00062iw,21423,J032555.87-355515.1,A1IV,6.491,0.014,6.396,0.009,0.095,0.016643317,,,,,6.4,0.001,,,,,,,,,,,6.248,0.021,0.545,0.060,,,6.148,0.048,6.138,1.0113192,0.049,5.593,0.035,,,5.593,0.035,,AWI00062iw,J032555.87-355515.1,6.248,,,,,,,
AWI00062bl,22128,J033337.91-072453.8,,8.045,0.017,7.605,0.012,0.44,0.020808652,,,,,7.494,0.001,,,,,,,,,,,6.919,0.024,0.836,0.063,,,6.685,0.04,6.680,1.008849,0.040,5.844,0.048,,,5.844,0.048,,AWI00062bl,22128,J033337.91-072453.8,6.919,0.024,,,,,
AWI00062j7,22593,J033709.08-294948.5,A1V,7.386,0.014,7.291,0.01,0.095,0.017204651,,,,,7.314,0.001,,,,,,,,,,,7.199,0.021,0.501,0.065,,,7.143,0.032,7.142,1.0067422,0.032,6.641,0.056,,,6.641,0.056,,AWI00062j7,J033709.08-294948.5,7.199,,,,,,,
AWI0005ylv,22614,J033900.56+294145.6,,11.115,0.068,10.711,0.074,0.404,0.100498756,,,,,10.539,0.002,,,,,,,,,,,9.660,0.026,5.651,0.033,,,7.591,0.025,7.592,1.0046814,0.025,1.941,0.022,,,1.941,0.022,,AWI0005ylv,22614,J033900.56+294145.6,9.660,0.026,,,,,
AWI0005ym7,23873,J034921.76+242251.0,,6.561,0.015,6.582,0.01,-0.021,0.018027756,,,,,6.637,0.00049,,,,,,,,,,,6.602,0.017,1.206,0.055,,,6.635,0.04,6.630,1.009079,0.040,5.424,0.037,,,5.424,0.037,,AWI0005ym7,23873,J034921.76+242251.0,6.602,0.017,,,,,
AWI0005zyr,24041,J035007.87+095528.1,,8.834,0.018,8.256,0.013,0.578,0.022203603,,,,,8.079,0.003,,,,,,,,,,,7.114,0.018,1.276,0.053,,,6.754,0.036,6.750,1.0085316,0.036,5.474,0.039,,,5.474,0.039,,AWI0005zyr,24041,J035007.87+095528.1,7.114,0.018,,,,,
AWI0005w9s,281395,J035958.81+312901.0,,10.585,0.033,10.172,0.031,0.413,0.045276926,,,,,9.997,0.003,,,,,,,,,,,9.194,0.018,2.702,0.060,,,8.938,0.023,8.938,1,0.023,6.236,0.055,,,6.236,0.055,,AWI0005w9s,281395,J035958.81+312901.0,9.194,0.018,,,,,
AWI00055vx,25318,J040649.32+702738.0,,8.894,0.015,8.691,0.011,0.203,0.018601075,,,,,8.626,0.001,,,,,,,,,,,8.195,0.026,1.083,0.084,,,8.078,0.024,8.078,1,0.024,6.995,0.08,,,6.995,0.08,,AWI00055vx,25318,J040649.32+702738.0,8.195,0.026,,,,,
AWI0005ymi,26572,J041249.03+193219.2,,8.323,0.019,7.836,0.014,0.487,0.023600847,,,,,7.641,0.001,,,,,,,,,,,6.795,0.021,0.816,0.064,,,6.483,0.038,6.476,1.0097782,0.038,5.66,0.051,,,5.66,0.051,,AWI0005ymi,26572,J041249.03+193219.2,6.795,0.021,,,,,
AWI0002ozm,232925,J041517.47+505124.0,,9.154,0.019,8.924,0.017,0.23,0.025495098,,,,,8.972,0.001,,,,,,,,,,,8.462,0.023,1.719,0.070,,,8.296,0.023,8.296,1,0.023,6.577,0.066,,,6.577,0.066,,AWI0002ozm,232925,J041517.47+505124.0,8.462,0.023,,,,,
AWI00062df,28812,J043026.69-431245.6,A0V,7.364,0.015,7.346,0.01,0.018,0.018027756,,,,,7.379,0.001,,,,,,,,,,,7.329,0.017,0.945,0.057,,,7.305,0.029,7.305,1.005997,0.029,6.36,0.049,,,6.36,0.049,,AWI00062df,J043026.69-431245.6,7.329,,,,,,,
AWI0006006,28856,J043217.75-133511.5,A1V,9.504,0.02,9.295,0.019,0.209,0.027586228,,,,,9.277,0.001,,,,,,,,,,,9.009,0.023,2.294,0.071,,,8.88,0.023,8.880,1,0.023,6.586,0.067,,,6.586,0.067,,AWI0006006,J043217.75-133511.5,9.009,,,,,,,
AWI000600b,29183,J043521.12-081730.0,,7.888,0.015,7.803,0.011,0.085,0.018601075,,,,,,,,,,,,,,,,,7.718,0.026,0.695,0.095,,,7.674,0.024,7.676,1.0042996,0.024,6.981,0.092,,,6.981,0.092,,AWI000600b,29183,J043521.12-081730.0,7.718,0.026,,,,,
AWI0005wbq,285893,J043630.82+184215.2,,10.759,0.052,10.083,0.042,0.676,0.0668431,,,,,9.855,0.003,,,,,,,,,,,8.764,0.019,5.721,0.037,,,7.153,0.031,7.152,1.0066962,0.031,1.431,0.019,,,1.431,0.019,,AWI0005wbq,285893,J043630.82+184215.2,8.764,0.019,,,,,
AWI000600n,29554,J043852.53-081329.6,,7.258,0.015,7.258,0.011,0,0.018601075,,,,,7.295,0.001,,,,,,,,,,,7.261,0.023,0.681,0.071,,,7.27,0.03,7.269,1.006158,0.030,6.588,0.064,,,6.588,0.064,,AWI000600n,29554,J043852.53-081329.6,7.261,0.023,,,,,
AWI0005yn2,30365,J044717.93+054717.4,,6.793,0.015,6.771,0.011,0.022,0.018601075,,,,,6.782,0.00049,,,,,,,,,,,6.651,0.019,0.555,0.063,,,6.641,0.04,6.636,1.0090514,0.040,6.081,0.049,,,6.081,0.049,,AWI0005yn2,30365,J044717.93+054717.4,6.651,0.019,,,,,
AWI0005yn4,30727,J045013.22+034100.3,,7.786,0.016,7.554,0.011,0.232,0.019416488,,,,,7.48,0.001,,,,,,,,,,,7.043,0.018,0.639,0.067,,,6.909,0.033,6.906,1.0078186,0.033,6.267,0.058,,,6.267,0.058,,AWI0005yn4,30727,J045013.22+034100.3,7.043,0.018,,,,,
AWI0005zgy,31100,J045245.95-062129.5,,8.505,0.016,8.316,0.013,0.189,0.020615528,,,,,8.303,0.001,,,,,,,,,,,8.009,0.026,1.236,0.078,,,7.917,0.024,7.919,1.0031818,0.024,6.683,0.074,,,6.683,0.074,,AWI0005zgy,31100,J045245.95-062129.5,8.009,0.026,,,,,
AWI0005wcl,31315,J045519.57+163712.9,,7.284,0.015,7.182,0.01,0.102,0.018027756,,,,,7.19,0.001,,,,,,,,,,,6.987,0.026,0.687,0.074,,,6.948,0.036,6.945,1.0076392,0.036,6.258,0.064,,,6.258,0.064,,AWI0005wcl,31315,J045519.57+163712.9,6.987,0.026,,,,,
AWI0005wcz,32813,J050610.47+062929.2,,10.372,0.035,9.877,0.033,0.495,0.048104054,,,,,9.734,0.001,,,,,,,,,,,8.973,0.027,2.486,0.055,,,8.627,0.023,8.627,1,0.023,6.141,0.05,,,6.141,0.05,,AWI0005wcz,32813,J050610.47+062929.2,8.973,0.027,,,,,
AWI0005wd8,      ,J051143.75+122012.5,,10.486,0.039,9.699,0.029,0.787,0.048600412,,,,,9.324,0.011,,,,,,,,,,,8.171,0.021,1.252,0.083,,,7.773,0.024,7.775,1.0038442,0.024,6.523,0.079,,,6.523,0.079,,AWI0005wd8,      ,J051143.75+122012.5,8.171,0.021,,,,,
AWI0005yp1,,J052104.79-102057.0,A5,10.13,0.028,9.817,0.028,0.313,0.03959798,,,,,9.651,0.001,,,,,,,,,,,9.067,0.029,2.955,0.051,,,8.797,0.023,8.797,1,0.023,5.842,0.046,,,5.842,0.046,,AWI0005yp1,J052104.79-102057.0,9.067,,,,,,,
AWI0005we7,287802,J052252.94+005557.8,,10.373,0.029,10.121,0.03,0.252,0.041725292,,,,,10.091,0.002,,,,,,,,,,,9.683,0.023,2.923,0.083,,,9.552,0.023,9.552,1,0.023,6.629,0.08,,,6.629,0.08,,AWI0005we7,287802,J052252.94+005557.8,9.683,0.023,,,,,
AWI0005web,290380,J052331.01-010423.6,,11.093,0.058,10.476,0.048,0.617,0.075286121,,,,,10.241,0.002,,,,,,,,,,,9.147,0.021,5.121,0.042,,,6.941,0.035,6.938,1.0076714,0.035,1.817,0.022,,,1.817,0.022,,AWI0005web,290380,J052331.01-010423.6,9.147,0.021,,,,,
AWI0005wee,287823,J052408.04+022746.9,,9.952,0.026,9.762,0.027,0.19,0.03748333,,,,,9.697,0.003,,,,,,,,,,,9.238,0.024,5.159,0.043,,,6.702,0.039,6.697,1.0087708,0.039,1.538,0.018,,,1.538,0.018,,AWI0005wee,287823,J052408.04+022746.9,9.238,0.024,,,,,
AWI0005ypj,      ,J052437.25-084201.9,,10.725,0.045,9.892,0.032,0.833,0.055217751,,,,,9.601,0.003,,,,,,,,,,,8.403,0.020,6.766,0.029,,,7.862,0.024,7.864,1.0034348,0.024,1.098,0.017,,,1.098,0.017,,AWI0005ypj,      ,J052437.25-084201.9,8.403,0.020,,,,,
AWI0005n0p,      ,J052746.74+174407.4,,10.62,0.043,10.379,0.048,0.241,0.064443774,,,,,,,,,,,,,,,,,9.562,0.020,3.123,0.064,,,9.353,0.022,9.353,1,0.022,6.23,0.06,,,6.23,0.06,,AWI0005n0p,      ,J052746.74+174407.4,9.562,0.020,,,,,
AWI0005wfn,      ,J052859.70+032148.6,,10.643,0.035,10.392,0.037,0.251,0.050931326,,,,,10.222,0.003,,,,,,,,,,,9.701,0.024,2.885,0.073,,,9.505,0.023,9.505,1,0.023,6.62,0.069,,,6.62,0.069,,AWI0005wfn,      ,J052859.70+032148.6,9.701,0.024,,,,,
AWI0005wku,,J053628.55+000445.6,,13.03,0.237,12.453,0.182,0.577,0.298819343,,,,,11.786,0.003,,,,,,,,,,,10.762,0.024,4.877,0.036,,,9.286,0.023,9.286,1,0.023,4.409,0.028,,,4.409,0.028,,AWI0005wku,J053628.55+000445.6,10.762,,,,,,,
AWI00055xg,36639,J053707.15+603636.4,,8.378,0.016,8.311,0.012,0.067,0.02,,,,,,,,,,,,,,,,,8.088,0.029,1.053,0.085,,,8.027,0.023,8.027,1,0.023,6.974,0.082,,,6.974,0.082,,AWI00055xg,36639,J053707.15+603636.4,8.088,0.029,,,,,
AWI0005yrn,,J053844.06-111411.1,,12.265,0.15,11.539,0.104,0.726,0.18252671,,,,,,,,,,,,,,,,,10.008,0.023,5.030,0.030,,,8.83,0.023,8.830,1,0.023,3.8,0.02,,,3.8,0.02,,AWI0005yrn,J053844.06-111411.1,10.008,,,,,,,
AWI0005yrp,,J054011.76-094211.1,A7V,12.234,0.164,11.492,0.111,0.742,0.198032826,,,,,11.766,0.029,,,,,,,,,,,10.017,0.024,5.216,0.033,,,7.348,0.028,7.348,1.0057992,0.028,2.132,0.017,,,2.132,0.017,,AWI0005yrp,J054011.76-094211.1,10.017,,,,,,,
AWI0005e72,37736,J054259.80+445105.2,,7.752,0.016,7.589,0.012,0.163,0.02,,,,,7.551,0.001,,,,,,,,,,,7.202,0.032,0.474,0.077,,,7.069,0.031,7.067,1.0070826,0.031,6.593,0.07,,,6.593,0.07,,AWI0005e72,37736,J054259.80+445105.2,7.202,0.032,,,,,
AWI0003lz9,37998,J054330.38+251724.4,,8.388,0.019,8.281,0.016,0.107,0.024839485,,,,,8.227,0.002,,,,,,,,,,,7.905,0.023,1.712,0.051,,,7.251,0.028,7.250,1.0062454,0.028,5.538,0.042,,,5.538,0.042,,AWI0003lz9,37998,J054330.38+251724.4,7.905,0.023,,,,,
AWI00055xr,      ,J054733.26+521144.5,,10.047,0.024,9.733,0.023,0.314,0.03324154,,,,,9.491,0.001,,,,,,,,,,,8.788,0.019,2.205,0.051,,,8.169,0.023,8.169,1,0.023,5.964,0.045,,,5.964,0.045,,AWI00055xr,      ,J054733.26+521144.5,8.788,0.019,,,,,
AWI0005zil,,J055417.57-383951.1,,11.684,0.076,11.775,0.149,-0.091,0.167263266,,,,,11.67,0.008,,,,,,,,,,,11.312,0.024,3.858,0.048,,,10.067,0.024,10.067,1,0.024,6.209,0.042,,,6.209,0.042,,AWI0005zil,J055417.57-383951.1,11.312,,,,,,,
AWI0003lzu,      ,J060325.99+172444.3,,9.62,0.024,9.381,0.022,0.239,0.032557641,,,,,9.264,0.002,,,,,,,,,,,8.662,0.019,1.627,0.070,,,7.962,0.022,7.965,1.0029748,0.022,6.338,0.066,,,6.338,0.066,,AWI0003lzu,      ,J060325.99+172444.3,8.662,0.019,,,,,
AWI0005ag4,      ,J062612.83+473232.1,,11.718,0.073,11.366,0.087,0.352,0.113569362,,,,,11.075,0.013,,,,,,,,,,,10.467,0.020,4.530,0.031,,,7.71,0.024,7.712,1.004134,0.024,3.182,0.019,,,3.182,0.019,,AWI0005ag4,      ,J062612.83+473232.1,10.467,0.020,,,,,
AWI0005d88,71988,J083100.44+185806.0,,7.726,0.016,7.45,0.012,0.276,0.02,,,,,7.389,0.00049,,,,,,,,,,,6.977,0.032,0.482,0.079,,,6.796,0.035,6.792,1.0083384,0.035,6.31,0.071,,,6.31,0.071,,AWI0005d88,71988,J083100.44+185806.0,6.977,0.032,,,,,
AWI000437j,95911,J110245.01-632940.4,F0V,9.767,0.021,9.313,0.018,0.454,0.027658633,,,,,9.107,0.001,,,,,,,,,,,8.377,0.021,1.165,0.059,,,8.093,0.023,8.093,1,0.023,6.928,0.054,,,6.928,0.054,,AWI000437j,J110245.01-632940.4,8.377,,,,,,,
AWI0000y1k,98240,J111714.49-594610.8,A7/8III/IV,7.465,0.015,7.183,0.01,0.282,0.018027756,,,,,7.092,0.001,,,,,,,,,,,6.641,0.021,0.873,0.054,,,6.474,0.035,6.467,1.0098196,0.035,5.588,0.041,5.594558,0.041248423,5.594558,0.041248423,,AWI0000y1k,J111714.49-594610.8,6.641,,,,,,,
AWI0005cwg,98457,J111925.92-301922.9,ApSi,7.869,0.015,7.93,0.012,-0.061,0.019209373,,,,,7.974,0.004,,,,,,,,,,,7.989,0.030,1.940,0.070,,,8.031,0.023,8.031,1,0.023,6.091,0.066,,,6.091,0.066,,AWI0005cwg,J111925.92-301922.9,7.989,,,,,,,
AWI0005da8,98915,J112256.98-203731.7,A7V,7.722,0.016,7.493,0.011,0.229,0.019416488,,,,,7.468,0.001,,,,,,,,,,,7.133,0.020,0.547,0.075,,,7.001,0.036,6.999,1.0073954,0.036,6.452,0.066,,,6.452,0.066,,AWI0005da8,J112256.98-203731.7,7.133,,,,,,,
AWI0002dmo,,J113505.30-554840.3,,11.876,0.093,10.813,0.062,1.063,0.11177209,,,,,10.303,0.004,,,,,,,,,,,8.626,0.020,5.075,0.032,,,7.299,0.028,7.299,1.0060246,0.028,2.224,0.015,,,2.224,0.015,,AWI0002dmo,J113505.30-554840.3,8.626,,,,,,,
AWI0002dny,102006,J114401.39-552327.0,A3mA6-A9,9.094,0.017,8.897,0.014,0.197,0.022022716,,,,,8.814,0.004,,,,,,,,,,,8.434,0.029,1.033,0.086,,,8.34,0.022,8.340,1,0.022,7.307,0.083,,,7.307,0.083,,AWI0002dny,J114401.39-552327.0,8.434,,,,,,,
AWI00056ck,106473,J121456.32-475654.6,A6III,8.447,0.015,8.133,0.011,0.314,0.018601075,,,,,,,,,,,,,,,,,7.527,0.024,1.549,0.046,,,7.377,0.027,7.377,1.0056658,0.027,5.828,0.037,,,5.828,0.037,,AWI00056ck,J121456.32-475654.6,7.527,,,,,,,
AWI00056i5,115820,J132026.77-491325.4,A7/8V,8.246,0.016,7.979,0.012,0.267,0.02,,,,,,,,,,,,,,,,,7.477,0.034,0.953,0.053,,,7.312,0.027,7.312,1.0059648,0.027,6.359,0.045,,,6.359,0.045,,AWI00056i5,J132026.77-491325.4,7.477,,,,,,,
AWI0000wqx,      ,J132217.71+623337.9,,12.591,0.188,11.359,0.083,1.232,0.205506691,,,,,10.753,0.001,,,,,,,,,,,9.393,0.021,3.588,0.035,,,8.67,0.023,8.670,1,0.023,5.082,0.026,,,5.082,0.026,,AWI0000wqx,      ,J132217.71+623337.9,9.393,0.021,,,,,
AWI0005f32,120178,J134909.18-541342.3,F5V,9.508,0.019,8.953,0.015,0.555,0.024207437,,,,,8.744,0.001,,,,,,,,,,,7.938,0.024,0.603,0.075,,,7.561,0.025,7.562,1.0048194,0.025,6.959,0.071,,,6.959,0.071,,AWI0005f32,J134909.18-541342.3,7.938,,,,,,,
AWI0005f42,120886,J135331.70-523004.9,A0V,8.375,0.016,8.279,0.012,0.096,0.02,,,,,,,,,,,,,,,,,8.01,0.018,0.597,0.077,,,7.875,0.022,7.877,1.003375,0.022,7.28,0.074,,,7.28,0.074,,AWI0005f42,J135331.70-523004.9,8.01,,,,,,,
AWI0005f4c,121191,J135518.84-533142.8,A5IV/V,8.454,0.015,8.19,0.011,0.264,0.018601075,,,,,8.191,0.006,,,,,,,,,,,7.728,0.023,3.432,0.034,,,7.592,0.025,7.593,1.0046768,0.025,4.161,0.023,,,4.161,0.023,,AWI0005f4c,J135518.84-533142.8,7.728,,,,,,,
AWI0005f5v,122513,J140353.79-534628.3,A3III,8.295,0.015,8.003,0.011,0.292,0.018601075,,,,,7.932,0.001,,,,,,,,,,,7.481,0.018,1.257,0.054,,,7.286,0.029,7.286,1.0060844,0.029,6.029,0.046,,,6.029,0.046,,AWI0005f5v,J140353.79-534628.3,7.481,,,,,,,
AWI0000us7,      ,J142409.74+581826.3,,14.051,0.376,12.207,0.159,1.844,0.408236451,,,,,11.192,0.022,,,,,,,,,,,8.835,0.026,1.240,0.058,,,7.699,0.025,7.701,1.0041846,0.025,6.461,0.052,,,6.461,0.052,,AWI0000us7,      ,J142409.74+581826.3,8.835,0.026,,,,,
AWI0005av7,128737,J143944.28-402206.3,F3V,9.558,0.02,9.083,0.016,0.475,0.025612497,,,,,8.909,0.001,,,,,,,,,,,8.174,0.027,0.759,0.101,,,7.857,0.023,7.859,1.0034578,0.023,7.1,0.098,,,7.1,0.098,,AWI0005av7,J143944.28-402206.3,8.174,,,,,,,
AWI0000w9x,129584,J144313.04+014928.7,,7.347,0.015,7.327,0.011,0.02,0.018601075,,,,,7.342,0.001,,,,,,,,,,,7.260,0.024,0.816,0.059,,,7.233,0.029,7.232,1.0063282,0.029,6.416,0.051,,,6.416,0.051,,AWI0000w9x,129584,J144313.04+014928.7,7.260,0.024,,,,,
AWI0005cyr,129730,J144458.63-280251.9,G3V,9.334,0.021,8.578,0.015,0.756,0.025806976,,,,,,,,,,,,,,,,,7.139,0.020,0.450,0.064,,,6.659,0.039,6.654,1.0089686,0.039,6.204,0.051,,,6.204,0.051,,AWI0005cyr,J144458.63-280251.9,7.139,,,,,,,
AWI0000vag,      ,J145820.26+150229.3,,13.638,0.489,10.831,0.084,2.807,0.496162272,,,,,,,,,,,,,,,,,7.433,0.020,0.543,0.062,,,6.187,0.048,6.177,1.0111398,0.049,5.634,0.038,,,5.634,0.038,,AWI0000vag,      ,J145820.26+150229.3,7.433,0.020,,,,,
AWI0000uji,134854,J151147.67+101259.8,,6.941,0.016,6.881,0.012,0.06,0.02,,,,,6.907,0.001,,,,,,,,,,,6.799,0.018,0.450,0.068,,,6.734,0.039,6.729,1.0086236,0.039,6.279,0.055,,,6.279,0.055,,AWI0000uji,134854,J151147.67+101259.8,6.799,0.018,,,,,
AWI0000qxd,      ,J152527.16+284914.6,,12.331,0.137,11.228,0.07,1.103,0.153847327,,,,,10.75,0.001,,,,,,,,,,,9.344,0.018,1.016,0.094,,,8.586,0.023,8.586,1,0.023,7.57,0.091,,,7.57,0.091,,AWI0000qxd,      ,J152527.16+284914.6,9.344,0.018,,,,,
AWI0000v1z,138214,J152954.11+234901.6,,7.832,0.015,7.611,0.011,0.221,0.018601075,,,,,7.555,0.00049,,,,,,,,,,,7.124,0.024,0.371,0.074,,,7.056,0.033,7.054,1.0071424,0.033,6.683,0.066,,,6.683,0.066,,AWI0000v1z,138214,J152954.11+234901.6,7.124,0.024,,,,,
AWI0000tpu,      ,J153716.27+331834.4,,13.104,0.266,11.919,0.142,1.185,0.301529435,,,,,11.487,0.003,,,,,,,,,,,9.999,0.021,1.654,0.104,,,9.246,0.023,9.246,1,0.023,7.592,0.101,,,7.592,0.101,,AWI0000tpu,      ,J153716.27+331834.4,9.999,0.021,,,,,
AWI0000tz1,140101,J154030.20+370101.1,,7.18,0.015,7.166,0.01,0.014,0.018027756,,,,,,,,,,,,,,,,,7.109,0.023,0.739,0.057,,,7.123,0.03,7.121,1.0068342,0.030,6.382,0.048,,,6.382,0.048,,AWI0000tz1,140101,J154030.20+370101.1,7.109,0.023,,,,,
AWI0000tjx,141268,J154709.73+303356.0,,7.728,0.015,7.775,0.01,-0.047,0.018027756,,,,,,,,,,,,,,,,,7.852,0.018,0.665,0.081,,,7.891,0.022,7.893,1.0033014,0.022,7.228,0.078,,,7.228,0.078,,AWI0000tjx,141268,J154709.73+303356.0,7.852,0.018,,,,,
AWI0005b4j,146647,J161808.54-224218.7,F3IV/V,10.485,0.037,9.857,0.031,0.628,0.048270074,,,,,9.57,0.00049,,,,,,,,,,,8.529,0.024,1.403,0.082,,,8.036,0.023,8.036,1,0.023,6.633,0.079,,,6.633,0.079,,AWI0005b4j,J161808.54-224218.7,8.529,,,,,,,
AWI0005gnp,150972,J164540.79-310226.6,G0/2V,10.397,0.041,9.737,0.035,0.66,0.053907328,,,,,9.478,0.002,,,,,,,,,,,8.572,0.023,2.110,0.056,,,8.182,0.024,8.182,1,0.024,6.072,0.051,,,6.072,0.051,,AWI0005gnp,J164540.79-310226.6,8.572,,,,,,,
AWI00057qr,151012,J164548.44-263858.1,B9.5V,7.081,0.015,7.026,0.011,0.055,0.018601075,,,,,,,,,,,,,,,,,6.943,0.018,1.088,0.064,,,6.92,0.036,6.917,1.007768,0.036,5.829,0.053,,,5.829,0.053,,AWI00057qr,J164548.44-263858.1,6.943,,,,,,,
AWI000047d,      ,J164837.40+351209.3,,11.835,0.071,11.196,0.066,0.639,0.096938125,,,,,9.984,0.024,,,,,,,,,,,9.984,0.024,3.940,0.033,,,8.592,0.023,8.592,1,0.023,4.652,0.024,,,4.652,0.024,,AWI000047d,      ,J164837.40+351209.3,9.984,0.024,,8.153,,,
AWI00004o8,      ,J165204.85+145827.2,,6.474,0.014,6.485,0.01,-0.011,0.017204651,,,,,,,,,,,,,,,,,6.504,0.034,0.475,0.063,,,6.561,0.034,6.555,1.0094194,0.034,6.08,0.053,,,6.08,0.053,,AWI00004o8,      ,J165204.85+145827.2,6.504,0.034,,,,,
AWI0005bew,,J170737.21-062607.2,,11.266,0.065,10.327,0.043,0.939,0.077935871,,,,,9.729,0.001,,,,,,,,,,,8.208,0.026,1.575,0.053,,,7.542,0.025,7.543,1.0049068,0.025,5.968,0.047,,,5.968,0.047,,AWI0005bew,J170737.21-062607.2,8.208,,,,,,,
AWI0005844,155142,J171043.91-220016.7,A2/3IV,9.375,0.021,8.981,0.018,0.394,0.027658633,,,,,8.813,0.001,,,,,,,,,,,8.103,0.021,2.843,0.046,,,7.849,0.023,7.851,1.0034946,0.023,5.008,0.04,,,5.008,0.04,,AWI0005844,J171043.91-220016.7,8.103,,,,,,,
AWI00002yt,157165,J172007.53+354103.6,,8.752,0.017,8.32,0.012,0.432,0.020808652,,,,,,,,,,,,,,,,,7.496,0.020,0.439,0.076,,,7.248,0.03,7.247,1.0062592,0.030,6.808,0.07,,,6.808,0.07,,AWI00002yt,157165,J172007.53+354103.6,7.496,0.020,,,,,
AWI0005igi,157587,J172452.23-185133.5,F5V,9.052,0.019,8.554,0.015,0.498,0.024207437,,,,,8.335,0.001,,,,,,,,,,,7.57,0.024,1.995,0.044,,,7.289,0.026,7.289,1.0060706,0.026,5.294,0.036,,,5.294,0.036,,AWI0005igi,J172452.23-185133.5,7.57,,,,,,,
AWI00000om,      ,J173129.67+601156.1,,12.896,0.239,11.328,0.083,1.568,0.253001976,,,,,10.712,0.001,,,,,,,,,,,8.890,0.023,1.125,0.064,,,7.941,0.024,7.944,1.0030714,0.024,6.819,0.059,,,6.819,0.059,,AWI00000om,      ,J173129.67+601156.1,8.890,0.023,,-0.1359,,,
AWI00001l8,      ,J173254.69+404312.3,,12.051,0.118,11.448,0.1,0.603,0.15467385,,,,,11.497,0.001,,,,,,,,,,,10.541,0.020,2.922,0.112,,,10.202,0.024,10.202,1,0.024,7.28,0.109,,,7.28,0.109,,AWI00001l8,      ,J173254.69+404312.3,10.541,0.020,,,,,
AWI0005bow,164317,J175911.27+135417.8,,8.049,0.015,8.026,0.011,0.023,0.018601075,,,,,8.011,0.001,,,,,,,,,,,7.768,0.020,1.576,0.059,,,7.716,0.024,7.718,1.0041064,0.024,6.142,0.054,,,6.142,0.054,,AWI0005bow,164317,J175911.27+135417.8,7.768,0.020,,,,,
AWI0005d5p,165459,J180230.72+583738.4,,7.02,0.015,6.875,0.01,0.145,0.018027756,,,,,,,,,,,,,,,,,6.637,0.046,0.442,0.056,,,6.549,0.042,6.543,1.0094746,0.042,6.101,0.037,,,6.101,0.037,,AWI0005d5p,165459,J180230.72+583738.4,6.637,0.046,,,,,
AWI0005bps,165507,J180533.55+182643.9,,8.328,0.016,8.188,0.012,0.14,0.02,,,,,8.187,0.002,,,,,,,,,,,7.952,0.019,0.696,0.106,,,7.9,0.023,7.902,1.00326,0.023,7.206,0.103,,,7.206,0.103,,AWI0005bps,165507,J180533.55+182643.9,7.952,0.019,,,,,
AWI0005xl0,165236,J180841.59-591507.9,A9V,9.543,0.023,9.289,0.022,0.254,0.031827661,,,,,9.225,0.001,,,,,,,,,,,8.703,0.026,2.263,0.049,,,8.127,0.024,8.127,1,0.024,5.864,0.043,,,5.864,0.043,,AWI0005xl0,J180841.59-591507.9,8.703,,,,,,,
AWI0005brt,168742,J182004.41+292653.3,,8.035,0.015,8.035,0.011,0,0.018601075,,,,,8.055,0.002,,,,,,,,,,,7.961,0.018,0.838,0.098,,,7.985,0.022,7.988,1.002869,0.022,7.15,0.095,,,7.15,0.095,,AWI0005brt,168742,J182004.41+292653.3,7.961,0.018,,,,,
AWI0002ao1,      ,J182614.45-013250.8,,12.687,0.257,10.987,0.077,1.7,0.26828716,,,10.023,0.002,,,,,,,,,,,,,7.800,0.032,0.454,0.065,,,6.76,0.03,6.756,1.008504,0.030,6.302,0.057,,,6.302,0.057,,AWI0002ao1,      ,J182614.45-013250.8,7.800,0.032,,,,,
AWI0005z1i,170575,J183504.55-661033.0,F0V,9.356,0.018,9.054,0.014,0.302,0.022803509,,,,,,,,,,,,,,,,,8.457,0.026,0.886,0.111,,,8.256,0.022,8.256,1,0.022,7.37,0.109,,,7.37,0.109,,AWI0005z1i,J183504.55-661033.0,8.457,,,,,,,
AWI0002mhd,173056,J184305.97+071626.4,,8.398,0.017,8.258,0.013,0.14,0.021400935,,,,,8.222,0.001,,,,,,,,,,,7.913,0.027,1.605,0.068,,,7.83,0.023,7.832,1.003582,0.023,6.227,0.064,,,6.227,0.064,,AWI0002mhd,173056,J184305.97+071626.4,7.913,0.027,,,,,
AWI0005xvl,176497,J190206.79-362142.1,A0IV,8.564,0.018,8.374,0.014,0.19,0.022803509,,,,,8.342,0.001,,,,,,,,,,,8.022,0.024,3.075,0.039,,,7.885,0.023,7.887,1.003329,0.023,4.812,0.032,,,4.812,0.032,,AWI0005xvl,J190206.79-362142.1,8.022,,,,,,,
AWI0002mxe,349734,J190638.88+203326.9,,11.967,0.082,11.493,0.083,0.474,0.116674762,,,,,11.551,0.001,,,,,,,,,,,10.991,0.025,4.652,0.052,,,10.91,0.023,10.910,1,0.023,6.258,0.047,,,6.258,0.047,,AWI0002mxe,349734,J190638.88+203326.9,10.991,0.025,,,,,
AWI00017os,230767,J190901.24+110641.3,,10.82,0.049,10.266,0.045,0.554,0.06652819,,,,,9.825,0.004,,,,,,,,,,,8.524,0.027,2.050,0.053,,,7.793,0.023,7.795,1.0037522,0.023,5.745,0.048,,,5.745,0.048,,AWI00017os,230767,J190901.24+110641.3,8.524,0.027,,,,,
AWI00059vy,      ,J191845.28+371449.2,,9.397,0.019,9.134,0.017,0.263,0.025495098,,,,,8.941,0.001,,,,,,,,,,,8.526,0.029,1.185,0.052,,,7.183,0.031,7.182,1.0065582,0.031,5.997,0.041,,,5.997,0.041,,AWI00059vy,      ,J191845.28+371449.2,8.526,0.029,,,,,
AWI0005bwq,      ,J192437.52+563454.9,,11.35,0.057,10.011,0.028,1.339,0.063505905,,,,,9.46,0.001,,,,,,,,,,,7.900,0.024,0.543,0.063,,,7.096,0.033,7.094,1.0069584,0.033,6.551,0.053,,,6.551,0.053,,AWI0005bwq,      ,J192437.52+563454.9,7.900,0.024,,,,,
AWI0005byy,194931,J202222.87+730903.7,,8.589,0.017,8.238,0.012,0.351,0.020808652,,,,,8.119,0.001,,,,,,,,,,,7.589,0.027,1.223,0.050,,,7.405,0.029,7.405,1.005537,0.029,6.182,0.04,,,6.182,0.04,,AWI0005byy,194931,J202222.87+730903.7,7.589,0.027,,,,,
AWI0004y3p,195611,J203123.98+283625.0,,8.497,0.015,8.441,0.012,0.056,0.019209373,,,,,8.427,0.001,,,,,,,,,,,8.197,0.019,1.754,0.054,,,8.071,0.023,8.071,1,0.023,6.317,0.049,,,6.317,0.049,,AWI0004y3p,195611,J203123.98+283625.0,8.197,0.019,,,,,
AWI0006207,195805,J203711.08-650159.9,B8/9V,6.604,0.014,6.679,0.01,-0.075,0.017204651,,,,,,,,,,,,,,,,,6.755,0.026,0.470,0.069,,,6.744,0.037,6.740,1.0085776,0.037,6.27,0.058,,,6.27,0.058,,AWI0006207,J203711.08-650159.9,6.755,,,,,,,
AWI0005c01,199392,J205143.50+730449.3,,8.48,0.016,8.301,0.012,0.179,0.02,,,,,8.293,0.001,,,,,,,,,,,8.004,0.023,0.427,0.078,,,7.919,0.023,7.921,1.0031726,0.023,7.494,0.075,,,7.494,0.075,,AWI0005c01,199392,J205143.50+730449.3,8.004,0.023,,,,,
AWI0001ps3,      ,J205207.92+484956.9,,10.689,0.036,9.926,0.028,0.763,0.045607017,,,,,9.556,0.001,,,,,,,,,,,8.278,0.063,0.938,0.071,,,7.786,0.023,7.788,1.0037844,0.023,6.85,0.067,,,6.85,0.067,,AWI0001ps3,      ,J205207.92+484956.9,8.278,0.063,,,,,
AWI000621a,198472,J205241.67-531624.8,F5/6V,8.226,0.016,7.718,0.011,0.508,0.019416488,,,,,,,,,,,,,,,,,6.807,0.020,0.494,0.064,,,6.543,0.043,6.537,1.0095022,0.043,6.043,0.047,,,6.043,0.047,,AWI000621a,J205241.67-531624.8,6.807,,,,,,,
AWI0005d7g,203836,J205722.53+870157.8,,7.568,0.015,7.432,0.01,0.136,0.018027756,,,,,7.413,0.001,,,,,,,,,,,7.166,0.024,0.749,0.068,,,7.114,0.032,7.112,1.0068756,0.032,6.363,0.06,,,6.363,0.06,,AWI0005d7g,203836,J205722.53+870157.8,7.166,0.024,,,,,
AWI00022y0,202084,J211139.56+534446.4,,7.115,0.015,7.085,0.01,0.03,0.018027756,,,,,7.118,0.00049,,,,,,,,,,,7.001,0.027,0.679,0.057,,,7.015,0.028,7.013,1.007331,0.028,6.334,0.05,,,6.334,0.05,,AWI00022y0,202084,J211139.56+534446.4,7.001,0.027,,,,,
AWI0006228,      ,J211412.49-015843.1,,11.925,0.15,10.448,0.063,1.477,0.162692962,,,,,9.792,0.042,,,,,,,,,,,7.820,0.019,0.943,0.053,,,6.529,0.04,6.523,1.0095666,0.040,5.58,0.035,,,5.58,0.035,,AWI0006228,      ,J211412.49-015843.1,7.820,0.019,,,,,
AWI0005zv8,204173,J212636.95+075307.6,,8.828,0.018,8.326,0.014,0.502,0.022803509,,,,,8.13,0.001,,,,,,,,,,,7.355,0.032,2.782,0.039,,,6.959,0.032,6.956,1.0075886,0.032,4.174,0.022,,,4.174,0.022,,AWI0005zv8,204173,J212636.95+075307.6,7.355,0.032,,,,,
AWI00019fp,204905,J212952.96+525601.9,,7.224,0.015,7.24,0.01,-0.016,0.018027756,,,,,,,,,,,,,,,,,7.146,0.023,0.605,0.061,,,7.161,0.029,7.160,1.0066594,0.029,6.555,0.054,,,6.555,0.054,,AWI00019fp,204905,J212952.96+525601.9,7.146,0.023,,,,,
AWI0006235,,J214241.32-013159.7,K0,11.482,0.084,10.109,0.039,1.373,0.092612094,,,,,9.615,0.002,,,,,,,,,,,8.077,0.021,0.911,0.070,,,7.296,0.029,7.296,1.0060384,0.029,6.385,0.064,,,6.385,0.064,,AWI0006235,J214241.32-013159.7,8.077,,,,,,,
AWI0002oe7,      ,J214622.33+623151.8,,9.722,0.02,9.545,0.02,0.177,0.028284271,,,,,9.525,0.002,,,,,,,,,,,9.187,0.027,3.001,0.051,,,9.067,0.023,9.067,1,0.023,6.066,0.045,,,6.066,0.045,,AWI0002oe7,      ,J214622.33+623151.8,9.187,0.027,,,,,
AWI0000phs,207888,J215221.25-031028.9,,6.543,0.015,6.59,0.01,-0.047,0.018027756,,,,,,,,,,,,,,,,,6.688,0.026,1.139,0.057,,,6.689,0.036,6.684,1.0088306,0.036,5.483,0.041,5.544745,0.043407854,5.544745,0.043407854,,AWI0000phs,207888,J215221.25-031028.9,6.688,0.026,,,,,
AWI0000ns8,208612,J215739.35-083351.4,,6.728,0.015,6.789,0.011,-0.061,0.018601075,,,,,,,,,,,,,,,,,6.837,0.024,1.316,0.055,,,6.672,0.04,6.667,1.0089088,0.040,5.351,0.038,,,5.351,0.038,,AWI0000ns8,208612,J215739.35-083351.4,6.837,0.024,,,,,
AWI0000psm,208664,J215947.70-593411.9,A9III/IV,8.493,0.015,8.218,0.011,0.275,0.018601075,,,,,,,,,,,,,,,,,7.688,0.021,0.609,0.086,,,7.54,0.027,7.541,1.004916,0.027,6.932,0.082,,,6.932,0.082,,AWI0000psm,J215947.70-593411.9,7.688,,,,,,,
AWI0005w29,212556,J222412.79+484918.7,,7.716,0.015,7.618,0.01,0.098,0.018027756,,,,,7.615,0.001,,,,,,,,,,,7.415,0.029,0.500,0.071,,,7.395,0.028,7.395,1.005583,0.028,6.895,0.065,,,6.895,0.065,,AWI0005w29,212556,J222412.79+484918.7,7.415,0.029,,,,,
AWI0005abb,213208,J222653.92+733429.0,,7.848,0.015,7.892,0.011,-0.044,0.018601075,,,,,7.924,0.001,,,,,,,,,,,7.910,0.018,1.074,0.070,,,7.935,0.023,7.938,1.003099,0.023,6.864,0.066,,,6.864,0.066,,AWI0005abb,213208,J222653.92+733429.0,7.910,0.018,,,,,
AWI0005abf,213290,J222753.27+704806.0,,7.843,0.015,7.711,0.011,0.132,0.018601075,,,,,,,,,,,,,,,,,7.318,0.023,0.690,0.052,,,7.226,0.031,7.225,1.0063604,0.031,6.535,0.042,,,6.535,0.042,,AWI0005abf,213290,J222753.27+704806.0,7.318,0.023,,,,,
AWI0005yfu,      ,J223445.16+375006.0,,11.172,0.056,10.854,0.062,0.318,0.083546394,,,,,10.87,0.005,,,,,,,,,,,10.508,0.022,4.558,0.049,,,10.354,0.022,10.354,1,0.022,5.796,0.044,,,5.796,0.044,,AWI0005yfu,      ,J223445.16+375006.0,10.508,0.022,,,,,
AWI0000gjb,214982,J224206.62-032824.4,,7.206,0.015,7.163,0.011,0.043,0.018601075,,,,,,,,,,,,,,,,,7.101,0.021,0.684,0.064,,,7.076,0.03,7.074,1.0070504,0.030,6.39,0.056,,,6.39,0.056,,AWI0000gjb,214982,J224206.62-032824.4,7.101,0.021,,,,,
AWI0000hog,215294,J224414.01-090123.9,,9.555,0.022,9.038,0.018,0.517,0.028425341,,,,,8.842,0.002,,,,,,,,,,,8.081,0.021,1.477,0.072,,,7.806,0.023,7.808,1.0036924,0.023,6.331,0.068,,,6.331,0.068,,AWI0000hog,215294,J224414.01-090123.9,8.081,0.021,,,7.782,5.761,2.021
AWI0000jcg,,J230112.67-585821.9,,13.359,0.202,12.123,0.11,1.236,0.230008695,,,,,11.94,0.041,,,,,,,,,,,10.126,0.023,3.048,0.072,,,9.571,0.024,9.571,1,0.024,6.523,0.068,,,6.523,0.068,,AWI0000jcg,J230112.67-585821.9,10.126,,,,,,,
AWI00062gs,218155,J230533.05+145732.5,,6.774,0.015,6.762,0.01,0.012,0.018027756,,,,,,,,,,,,,,,,,6.712,0.020,0.639,0.066,,,6.719,0.034,6.714,1.0086926,0.034,6.075,0.056,,,6.075,0.056,,AWI00062gs,218155,J230533.05+145732.5,6.712,0.020,,,,,
AWI0005w41,218546,J230817.21+511146.3,,8.296,0.015,8.252,0.011,0.044,0.018601075,,,,,8.214,0.002,,,,,,,,,,,7.918,0.020,0.759,0.082,,,7.873,0.024,7.875,1.0033842,0.024,7.116,0.078,,,7.116,0.078,,AWI0005w41,218546,J230817.21+511146.3,7.918,0.020,,,,,
AWI00062kw,220529,J232421.82+061110.7,A0,7.048,0.015,7.156,0.011,-0.108,0.018601075,,,,,,,,,,,,,,,,,7.285,0.018,1.240,0.072,,,7.404,0.028,7.404,1.0055416,0.028,6.164,0.066,,,6.164,0.066,,AWI00062kw,J232421.82+061110.7,7.285,,,,,,,
AWI00062gz,223167,J234708.47+153903.2,A0,8.557,0.018,8.637,0.015,-0.08,0.023430749,,,,,,,,,,,,,,,,,8.712,0.023,1.725,0.078,,,8.614,0.024,8.614,1,0.024,6.889,0.074,,,6.889,0.074,,AWI00062gz,J234708.47+153903.2,8.712,,,,,,,
AWI0005ae4,224098,J235449.26+742436.2,,6.606,0.015,6.59,0.01,0.016,0.018027756,,,,,6.569,0.002,,,,,,,,,,,6.388,0.019,0.441,0.064,,,6.379,0.045,6.371,1.0102566,0.045,5.93,0.045,,,5.93,0.045,,AWI0005ae4,224098,J235449.26+742436.2,6.388,0.019,,,,,
AWI00062l3,224155,J235537.71+081323.7,,6.827,0.015,6.818,0.01,0.009,0.018027756,,,,,6.844,0.001,,,,,,,,,,,6.770,0.026,0.475,0.078,,,6.759,0.036,6.755,1.0085086,0.036,6.28,0.069,,,6.28,0.069,,AWI00062l3,224155,J235537.71+081323.7,6.770,0.026,,,,,
AWI0002d1k,      ,J235734.08+662553.7,,11.132,0.051,10.254,0.035,0.878,0.061854668,,,,,,,,,,,,,,,,,8.638,0.027,1.507,0.064,,,8.149,0.024,8.149,1,0.024,6.642,0.059,,,6.642,0.059,,AWI0002d1k,      ,J235734.08+662553.7,8.638,0.027,,,,,
AWI00062h1,224429,J235746.21+112827.6,,6.687,0.014,6.648,0.01,0.039,0.017204651,,,,,6.675,0.00049,,,,,,,,,,,6.581,0.023,0.476,0.067,,,6.556,0.037,6.550,1.0094424,0.037,6.074,0.056,,,6.074,0.056,,AWI00062h1,224429,J235746.21+112827.6,6.581,0.023,,,,,
