ZooniverseID,WISEID,Teff,Tefferrlow,Tefferrhigh,logg,loggerrlow,loggerrhigh,rdstar,rdstarerrlow,rdstarerrhigh,Tdisk,Tdiskerrlow,Tdiskerrhigh,xdisk,xdiskerrlow,xdiskerrhigh,fir,firerrlow,firerrhigh
AWI0001q7h,J221158.73+594044.9,3800.0,None,None,2.5,None,None,7.72958239412e-11,2.59922074237e-13,2.6325530752e-13,447.94783275,4.24738335672,4.66360716788,6.90130927314e-18,2.7689680273e-19,2.68261161708e-19,0.223142338249,0.00390018936262,0.00375235286684
AWI00019i2,J221055.01+575629.4,8817.85637476,53.5003195279,55.8012306997,None,None,None,3.12865036073e-10,3.10317864305e-12,2.95198180789e-12,258.93825429,19.4718125801,21.8588786548,1.09329209127e-17,2.61916964088e-18,3.37313755883e-18,8.3294987346e-05,7.78704313501e-06,8.48171458296e-06
AWI0001qsl,J053815.82+374440.5,10446.9816242,83.2727254354,84.4599302275,None,None,None,2.32783035596e-10,2.51398460037e-12,2.53051585688e-12,862.898247266,49.9882111024,49.2681480163,1.42480824617e-18,1.45489659366e-19,1.7594986746e-19,0.00122263919371,0.000142553821934,0.000158455573033
AWI00018m1,J194022.79+251648.4,4900.0,None,None,5.5,None,None,2.9640209071e-10,1.90440566621e-12,1.81791066471e-12,1073.56389372,22.9040204588,23.1937581286,1.97501755653e-18,8.55280586001e-20,9.1142920176e-20,0.051768660362,0.00282072380373,0.00296542026198
AWI00021on,J192136.46+220744.7,4000.0,None,None,2.5,None,None,1.18691782986e-10,3.00470521763e-13,2.98130376598e-13,678.26906665,16.0427912186,16.592482069,5.68158685205e-19,3.62881182908e-20,3.95181203873e-20,0.0333794488715,0.001386542388,0.001373612931
AWI00062h7,J002133.47-661816.6,11697.82726,111.188748506,116.380640816,None,None,None,2.14130630658e-10,2.30650335864e-12,2.33601374565e-12,215.12187429,25.2719445228,27.4512056836,1.12898640293e-17,4.28509496017e-18,6.86456206817e-18,2.80529025099e-05,3.4659293102e-06,3.74504518687e-06
AWI0000nfp,J002155.14-672715.9,4700.0,None,None,2.5,None,None,2.4923689559e-10,1.17600837031e-12,1.09988442387e-12,510.802317164,21.3127973458,20.8662790652,3.42884106892e-18,3.42667363011e-19,4.15816914477e-19,0.00771586529028,0.000525160262353,0.000528075275152
AWI0000bs0,J003140.76-014737.3,10307.7881685,63.3760810171,67.2529002102,None,None,None,2.91410207015e-10,2.50900148611e-12,2.35130458745e-12,201.035641078,10.7225526306,11.0873767803,5.03554663039e-17,1.02175583856e-17,1.23319359846e-17,8.56702884234e-05,5.39076857453e-06,5.23566014622e-06
AWI0005mry,J003412.66+540359.0,9678.17141334,70.8065675898,77.5370848751,None,None,None,2.49458936508e-10,2.5025458627e-12,2.39739956242e-12,46.9892459931,12.3732220622,28.5057685239,3.74794084466e-13,3.7292151178e-13,5.48851659761e-11,0.00331424283483,0.00320276984255,0.142061013701
AWI0000jvv,J003507.14+070625.0,3500.0,None,None,2.5,None,None,5.61924240438e-10,2.4788601597e-12,2.46018255461e-12,367.599050745,10.6847724318,11.5869747864,3.18379241226e-17,2.98201461779e-18,3.22825637687e-18,0.0122812094304,0.000433687925212,0.000468527836485
AWI00062m4,J004826.42+020753.0,4600.0,None,None,2.5,None,None,3.30541823714e-10,1.52272261779e-12,1.54204561352e-12,207.35927673,4.85403118351,5.05624946354,9.77724729764e-17,1.13156262439e-17,1.17843196385e-17,0.00368742788937,0.000138445226858,0.000136117483498
AWI0005yiv,J005926.26+400918.2,9167.4011496,55.6260694307,53.7517222362,None,None,None,2.77761531346e-10,1.87671141909e-12,2.06529212696e-12,62.9301674545,18.4913526989,34.3006873426,1.61447470711e-14,1.57569220792e-14,1.16814300057e-12,0.000461914879349,0.000396698911346,0.00797535869312
AWI00055sx,J010652.55+743754.5,10107.2078751,86.1535242079,86.9636533835,None,None,None,1.6387828697e-10,1.65736855742e-12,1.61528047268e-12,182.867313933,15.0984896135,15.8724632531,2.0219895089e-17,6.59762427075e-18,1.02045657485e-17,8.09205306422e-05,9.55832699648e-06,1.02132937362e-05
AWI00055sz,J011636.23+740136.6,9002.21655113,92.1909167788,102.730900707,None,None,None,3.61157759905e-10,6.21515612066e-12,5.36908070607e-12,671.394943673,107.949837702,126.592472343,1.80814450141e-18,4.88483335679e-19,7.55417437311e-19,0.000428392326733,0.000127193217872,0.000197601043352
AWI00062mq,J011743.47-523330.8,6400.0,None,None,5.5,None,None,1.19594792331e-10,6.19517738206e-13,6.4843381521e-13,435.828834156,3.53320785953,3.55805318662,5.98381802427e-17,1.90939136896e-18,1.96331053269e-18,0.0899407087296,0.00151700151136,0.00154471206967
AWI0005w6c,J012650.26+454038.8,12436.9120982,128.073299261,134.032412388,None,None,None,1.83111780558e-10,1.98668461777e-12,1.91817874168e-12,312.898890168,21.8553492065,26.453413462,6.87253576684e-18,1.77074427374e-18,2.16014454288e-18,8.26996528046e-05,4.76352811873e-06,5.10635288866e-06
AWI0004ne5,J013525.89+560237.3,10172.2778798,83.4735834297,83.7346956627,None,None,None,3.04392950291e-10,3.01261590642e-12,3.12434808113e-12,200.650236817,17.2164782673,17.2864250512,2.95170894164e-17,8.256976492e-18,1.25318711218e-17,4.82103205482e-05,4.28244319639e-06,4.65798188324e-06
AWI00062a8,J013756.15+211539.9,10405.0012602,85.3560512571,88.8224137151,None,None,None,1.9006101412e-10,1.73994035482e-12,1.81194613233e-12,151.910928935,4.40723992838,4.41362813197,2.1641675818e-16,2.88560610251e-17,3.55260605527e-17,0.000272540485614,1.36749416439e-05,1.37579277239e-05
AWI0005aeg,J013833.77+780834.3,6700.0,None,None,4.5,None,None,1.58862342317e-10,1.12949634699e-12,1.20557216855e-12,1206.61439797,25.6813611027,26.2797962025,6.01447914035e-19,2.62190154586e-20,2.72931584764e-20,0.0250812607515,0.00148331536414,0.00157111410701
AWI00062aa,J014113.00+163051.7,7614.24589584,50.8321272006,51.3488853145,None,None,None,2.41652872238e-10,2.0790058296e-12,1.98053509885e-12,165.430286347,7.89704051618,7.81237944219,7.86487596371e-17,1.56084006271e-17,2.0498379865e-17,0.000300541475464,2.20205536462e-05,2.19833124947e-05
AWI0005zx4,J014928.21+244048.7,9180.12952266,74.2725156789,72.5226426992,None,None,None,1.94881135236e-10,1.7281050779e-12,1.77795702601e-12,265.30383601,33.6532923388,49.6276802603,3.95638306057e-18,1.97789386813e-18,2.97807951157e-18,7.41550963754e-05,1.04027529151e-05,1.05520507536e-05
AWI00008jh,J015317.94-461421.9,3100.0,None,None,5.5,None,None,6.48813868792e-10,3.34899451672e-12,3.34163975341e-12,371.190700197,44.4506808714,64.7958547475,3.3858947836e-18,1.30855151444e-18,1.63713504628e-18,0.00167384234322,0.000265384486812,0.000388888402603
AWI00062aj,J020221.16+192323.6,9217.55886108,70.9473159998,69.968863404,None,None,None,1.85702254311e-10,1.60392532647e-12,1.67672974395e-12,181.190971658,16.2010768118,18.2915826953,2.05826033874e-17,7.8486916405e-18,1.17774406529e-17,8.90885897436e-05,1.36330826896e-05,1.44692675828e-05
AWI0000qox,J020359.52+141132.3,3600.0,None,None,2.5,None,None,5.9407312145e-10,2.805738663e-12,2.70853586337e-12,417.064521354,28.2730922961,33.8930653972,6.81904318928e-18,1.33336130713e-18,1.52696376627e-18,0.00348599845637,0.000314301595656,0.000395636755722
AWI0005w6v,J021327.01+421923.3,8447.15871169,70.5918216958,66.5018264066,None,None,None,1.51273337347e-10,1.33470663032e-12,1.36939238669e-12,167.477523114,10.5375947616,11.8774443052,4.11776302574e-17,1.29073074932e-17,1.65991627829e-17,0.000276961710524,3.79515842716e-05,3.85413421821e-05
AWI0005yjn,J022317.32+381509.7,11300.1141194,73.9599162372,78.6802627476,None,None,None,2.53604881555e-10,2.26839347268e-12,2.14576490195e-12,383.135916488,36.6535141781,57.4853673011,4.57465727908e-18,1.56228917303e-18,1.65466365213e-18,9.42739982271e-05,9.61559098971e-06,1.5901955144e-05
AWI0005yjp,J022515.75+370707.9,12091.6909288,112.744046966,114.423705842,None,None,None,2.08439409063e-10,1.89361966048e-12,1.9544522261e-12,207.171066979,11.396753939,12.355858189,3.03352752757e-17,6.87112971408e-18,8.48601408057e-18,6.02503624162e-05,4.40278285124e-06,4.32688749487e-06
AWI0005yjq,J023047.36+360701.7,9335.49933577,69.9046152464,65.6977200347,None,None,None,2.37400640079e-10,2.13214567894e-12,2.2736136687e-12,130.389449501,17.7176909804,13.4372518832,2.40720333195e-16,9.29523532122e-17,2.9511042852e-16,0.000165213730462,2.07028354009e-05,4.03326343864e-05
AWI0000b9g,J023115.97-094845.9,3600.0,None,None,4.0,None,None,2.19943670259e-11,1.35483468072e-13,1.27218687882e-13,376.276155543,6.77024416366,7.17526955644,9.6549353137e-19,9.23113844136e-20,9.37448534804e-20,0.237845463329,0.010203794849,0.0100674038259
AWI0005w77,J023720.84+395345.8,14843.3156037,165.782469635,184.105168975,None,None,None,2.39880305022e-10,2.71649659283e-12,2.4597086497e-12,274.835954524,11.1912315152,12.945310118,2.23230527848e-17,3.54592567818e-18,3.76501745808e-18,4.56694970678e-05,2.1185222024e-06,2.16676157171e-06
AWI0005zfw,J024430.00+280053.8,9137.7425058,69.8251186544,67.9291101001,None,None,None,2.33395604163e-10,2.11765002717e-12,2.08753722467e-12,195.51708727,28.1502352808,29.6879292213,1.39592887196e-17,6.75522743727e-18,1.29224847911e-17,5.37491025074e-05,1.04442853545e-05,1.04727255806e-05
AWI000425z,J024755.37+553648.4,9483.53501641,66.4089801122,66.8712499467,None,None,None,3.50804081039e-10,2.96440135234e-12,3.0968696618e-12,127.411528321,37.7034190446,35.7699543598,1.57649693781e-16,1.08964162943e-16,1.14929810497e-15,4.30976752025e-05,8.73572993931e-06,4.29860359037e-05
AWI0000c52,J025149.66-244328.9,4600.0,None,None,2.5,None,None,3.64913931585e-10,1.64888731946e-12,1.73868566428e-12,211.124271968,9.89078352404,9.89627114855,2.61263359212e-17,4.63766353194e-18,5.7526429957e-18,0.000871165798358,5.74981444635e-05,5.65770175741e-05
AWI0000phh,J025614.05+040254.2,11299.9115387,117.727483395,121.82318039,None,None,None,1.90956133878e-10,2.12232803812e-12,2.09864034195e-12,214.034268029,14.2206219532,16.9652569319,1.80764275909e-17,5.21520515245e-18,6.45418730038e-18,6.37979444268e-05,6.01278427866e-06,6.26238228735e-06
AWI0000xbv,J025926.83+593531.6,8004.18692741,37.2382721082,42.0063233527,None,None,None,3.27628697489e-10,2.83923254956e-12,2.5781583193e-12,167.975436742,52.6285172583,37.4465529723,2.8303262439e-17,1.59679134349e-17,1.36490128191e-16,5.44172997943e-05,1.06841252911e-05,1.7348871309e-05
AWI0005yk3,J030651.95+303136.8,7642.14301579,44.4822460734,45.8196872242,None,None,None,4.66477370934e-10,4.0768470042e-12,3.95876939852e-12,242.544531697,4.9229784725,5.4831752751,1.61586203353e-16,1.35138526609e-17,1.45040814761e-17,0.000754993743634,1.94715493506e-05,1.89485367548e-05
AWI00062ic,J030854.20-185809.1,13249.494406,973.773150441,1307.79754461,None,None,None,1.90180984392e-10,2.16945729902e-11,2.08751013674e-11,4019.70622787,186.825812947,193.995485302,3.79560779715e-19,1.35118032568e-20,1.35093113406e-20,0.0873181221004,0.00777534308521,0.00838567254596
AWI00055vo,J031738.10+731810.2,5300.0,None,None,2.5,None,None,2.2937186465e-10,9.76614676124e-13,9.17345047423e-13,181.049930844,8.31646461372,9.18372691995,3.96723239166e-17,9.2480292279e-18,1.15529834042e-17,0.00102908683086,9.83857884465e-05,9.83117308258e-05
AWI0005w7o,J032429.84+341709.9,7373.04501471,46.5692374998,47.2504509618,None,None,None,2.40001001635e-10,2.11275590296e-12,2.10626989924e-12,195.611516913,10.8267580722,11.0422584294,3.46901036263e-17,8.03576741172e-18,1.03452559531e-17,0.000298039067159,2.62321733837e-05,2.56109336304e-05
AWI0005ykd,J032448.99+283908.6,9543.4594918,64.4566485158,66.8584127159,None,None,None,3.16241280806e-10,2.67196977348e-12,2.45315987725e-12,117.480637409,37.2748272373,36.73917386,2.35297783547e-16,1.73092956134e-16,2.74142900083e-15,5.56658221337e-05,1.40336063558e-05,9.46165493979e-05
AWI0005zy4,J032504.59+105835.0,9492.38417438,73.6108475284,71.098004744,None,None,None,2.94146168369e-10,2.67808370427e-12,2.85075140648e-12,177.758726168,49.0051759741,37.813548635,2.27064770281e-17,1.23693719163e-17,6.895573882e-17,3.39776599426e-05,6.77934313679e-06,8.63100845127e-06
AWI00062iw,J032555.87-355515.1,10162.3960688,78.8981911891,80.1715474501,None,None,None,4.05059169917e-10,4.09340755343e-12,4.1263835669e-12,217.109636611,20.4279256238,20.5553653774,3.21212344583e-17,8.45392516088e-18,1.33908280609e-17,4.11613921301e-05,3.91918599191e-06,3.9373311109e-06
AWI0000zqw,J032847.84+575556.1,4400.0,None,None,5.5,None,None,5.75135311955e-11,1.56670038387e-14,9.72188543383e-15,190.78168458,0.0432469658124,0.0463477306284,2.01931591718e-15,3.61150874003e-19,4.56287656964e-19,2.15801209953,0.00252405797254,0.00233023078274
AWI0000mb7,J033337.91-072453.8,7356.99999861,43.0626014326,43.6894067435,None,None,None,3.93818750457e-10,3.54458414776e-12,3.61543345267e-12,190.313629761,16.8348805136,15.5246176196,4.84968534846e-17,1.29255801468e-17,2.16222810024e-17,0.000140794691221,1.25829705178e-05,1.26147529295e-05
AWI0000xcq,J033421.19+564343.6,4000.0,None,None,5.5,None,None,9.28740208092e-11,3.14965165184e-13,3.20019660676e-13,749.617265499,8.78505503911,8.92670175892,6.0584242824e-18,2.49664660998e-19,2.52333303173e-19,0.866066022219,0.0132009300392,0.0129092413969
AWI0002d6a,J033549.39+641324.7,8640.98830917,44.2427731117,45.6269814049,None,None,None,2.04726086674e-10,1.68048752663e-12,1.59132659788e-12,122.692171331,35.86253553,26.3738690811,1.34613676954e-16,8.36783361966e-17,1.06974325103e-15,0.00013386762902,2.8710422189e-05,0.000163065241824
AWI00062j7,J033709.08-294948.5,10651.4876194,81.9306485089,85.1126589411,None,None,None,2.50744666199e-10,2.32810727119e-12,2.28586903435e-12,235.951417316,25.2023758057,27.9591310069,8.69043518193e-18,3.03943903794e-18,4.53317869021e-18,3.33913929934e-05,4.23156169515e-06,4.38836086624e-06
AWI0005ylv,J033900.56+294145.6,6100.0,None,None,2.5,None,None,1.5814734304e-10,9.82237332395e-13,9.77698755911e-13,485.398878063,3.19567930916,3.16119633219,1.49373677381e-16,4.08424309749e-18,4.16835399252e-18,0.239510032671,0.0041026245194,0.00402180349785
AWI0005ylw,J033906.73+244209.8,11052.2811893,80.2243922733,85.9462458132,None,None,None,2.62660888355e-10,2.55423560053e-12,2.53400162418e-12,184.657415318,17.6900220992,17.1463422725,3.89874590719e-17,1.22862103075e-17,2.03930216019e-17,4.41800511144e-05,4.73099755585e-06,4.59325981229e-06
AWI0005ylz,J034400.28+243324.6,8636.44376944,45.9107455701,44.4665537421,None,None,None,2.38868763991e-10,1.95335738679e-12,1.98264163849e-12,249.267169316,17.1796553214,22.6461118104,1.27488294595e-17,4.0370087601e-18,4.93278080748e-18,0.000156277394294,1.28917159389e-05,1.28411158341e-05
AWI0005ym7,J034921.76+242251.0,12066.3940644,118.453987717,118.914240279,None,None,None,2.95250736108e-10,3.00602220362e-12,2.85504471459e-12,211.448191511,7.60911287424,8.04306902712,6.87417401524e-17,9.7375377856e-18,1.06541277187e-17,7.4283498447e-05,3.28676279656e-06,3.32057528283e-06
AWI0005zyr,J035007.87+095528.1,5900.0,None,None,2.5,None,None,4.49091275295e-10,1.62502815239e-12,1.62207452188e-12,405.906993195,21.6728367477,26.4200147134,1.23435620482e-17,2.03263968407e-18,2.19262111662e-18,0.00137295495397,9.16061978353e-05,0.000113863689747
AWI0005ym9,J035157.43+255955.4,9134.15413728,47.6974712493,52.8567801744,None,None,None,2.63757526104e-10,2.07625696847e-12,1.90985582918e-12,159.193940531,58.8635641952,43.2836330465,2.70060235096e-17,1.76755737496e-17,2.58676902894e-16,3.91819478975e-05,1.06703607391e-05,2.39537721671e-05
AWI0005w9s,J035958.81+312901.0,6300.0,None,None,2.5,None,None,1.58923827842e-10,5.92804360966e-13,5.92746535482e-13,134.040046732,4.34337012868,4.14088788632,2.72018682177e-16,4.5263188224e-17,5.71623735484e-17,0.00220876577133,0.00015671255898,0.000160410917579
AWI0005ymc,J040040.65+202447.8,8402.66834912,42.0725152738,45.5939196914,None,None,None,2.53984776559e-10,2.13510068518e-12,2.06120921862e-12,130.901789454,6.26051397178,5.49557945998,6.25835887878e-16,1.19440454999e-16,1.87637347358e-16,0.000573362598564,3.59194533711e-05,4.43205177201e-05
AWI0005zz5,J040238.47-004803.7,11157.0110608,84.472168883,85.7669392987,None,None,None,2.8153602908e-10,2.66713746587e-12,2.56842420873e-12,172.675668072,24.2539797986,21.469978719,4.60078778479e-17,1.80048982146e-17,4.16630878567e-17,3.39894519346e-05,4.24889590005e-06,4.56806282453e-06
AWI00055vx,J040649.32+702738.0,8472.43102276,54.4824419375,48.3835958532,None,None,None,1.87268827168e-10,1.3576704563e-12,1.5401009676e-12,164.597447964,12.3685337977,13.0135567452,3.58855368508e-17,1.12465811442e-17,1.76113882609e-17,0.000147392480798,1.81280533611e-05,1.99858176865e-05
AWI0005ymi,J041249.03+193219.2,6100.0,None,None,2.5,None,None,4.97394477086e-10,1.76170698489e-12,1.77280844237e-12,175.490233729,14.3565093215,14.6812350074,8.38732414856e-17,2.42310795826e-17,3.74504282915e-17,0.000234177525544,1.91580738308e-05,2.00486881894e-05
AWI0002ozm,J041517.47+505124.0,8201.83702225,61.2332544656,63.7969215307,None,None,None,1.77427235996e-10,1.52370254867e-12,1.5013401171e-12,312.024446056,15.1728813444,19.2303259774,9.02883179333e-18,1.76676707941e-18,1.9513000543e-18,0.000604708659318,2.31473941073e-05,2.44867400129e-05
AWI00062df,J043026.69-431245.6,11374.3106835,104.916838224,106.217278981,None,None,None,2.23898304099e-10,2.27030112373e-12,2.3417791776e-12,210.507440696,11.7785107658,12.0826040494,2.53997068172e-17,5.21873957206e-18,6.64362619323e-18,5.94010282997e-05,3.79493559972e-06,3.91312674903e-06
AWI0006006,J043217.75-133511.5,9220.2200841,88.1763959544,86.3457142978,None,None,None,1.23181808199e-10,1.15020979438e-12,1.21994945151e-12,171.043020523,5.23222097621,5.833351476,6.44615571926e-17,1.08758348957e-17,1.21748141401e-17,0.000503207757974,3.55692545638e-05,3.63678661398e-05
AWI000600b,J043521.12-081730.0,10809.5867893,96.7866441103,99.1851397456,None,None,None,1.94104085305e-10,1.97742552809e-12,1.99696035312e-12,179.70526471,30.0090360072,27.5330474366,1.95224424582e-17,9.09645673194e-18,2.44525672396e-17,4.07168522164e-05,7.3918782867e-06,8.03837531977e-06
AWI0005wbq,J043630.82+184215.2,5500.0,None,None,4.5,None,None,2.36503457893e-10,1.19303321296e-12,1.21819643374e-12,483.136053098,3.22089692416,3.49248116294,1.64686874548e-16,4.5263542909e-18,4.38743911804e-18,0.17529325227,0.0026391894938,0.00274546057008
AWI000600n,J043852.53-081329.6,11843.1460838,132.103125592,132.121227502,None,None,None,2.21364063832e-10,2.63954385096e-12,2.79854667098e-12,267.384896607,20.8850121133,25.367339799,8.18621927315e-18,2.31533273774e-18,2.9714089128e-18,4.36841076567e-05,3.82808450839e-06,4.01457460097e-06
AWI0005yn2,J044717.93+054717.4,10849.373272,100.730597589,95.5533291083,None,None,None,3.12047306669e-10,3.24883807502e-12,3.35520909043e-12,189.039607928,25.3797160896,21.9760678588,3.29561021432e-17,1.13703738117e-17,2.57502013802e-17,3.17573069938e-05,3.51304313665e-06,3.66283643662e-06
AWI0005yn4,J045013.22+034100.3,8239.75030301,51.4233623108,54.0859727637,None,None,None,3.31258874398e-10,3.02029817125e-12,2.79924432735e-12,167.770291725,36.4865969982,25.2479334045,4.3866478537e-17,1.94940569124e-17,8.50378640613e-17,7.06209077499e-05,9.64867192871e-06,1.23509960639e-05
AWI0005zgy,J045245.95-062129.5,9285.23826512,79.3259333792,75.357941728,None,None,None,1.91499016486e-10,1.97504362552e-12,2.05451682759e-12,162.574771933,11.2752863801,10.530079338,5.49471676109e-17,1.4646487539e-17,2.26289114963e-17,0.000141380485585,1.50884694046e-05,1.53835379284e-05
AWI0005wcl,J045519.57+163712.9,10121.0961671,77.0703233639,80.4045787086,None,None,None,2.83820784773e-10,2.68352045553e-12,2.66719072154e-12,213.916129046,18.0992685105,19.5564895022,2.08199281555e-17,6.51082277015e-18,8.9823536673e-18,5.184371171e-05,5.86225814755e-06,5.46075050116e-06
AWI0005zh6,J050206.31-085046.6,3500.0,None,None,3.5,None,None,1.62262084968e-10,6.33167047968e-13,6.47234931778e-13,627.448407151,6.00203247824,5.98851167823,8.90226274338e-18,2.91133480029e-19,2.93185801736e-19,0.34919378809,0.00646666951094,0.0062146998372
AWI0005wcz,J050610.47+062929.2,6300.0,None,None,2.5,None,None,1.8133484852e-10,8.10872040989e-13,8.14653987156e-13,244.303232927,6.12611173647,6.84469389363,3.02686025964e-17,3.6205908914e-18,3.83374691281e-18,0.00208226149652,6.51783622094e-05,6.82187632044e-05
AWI0005zhi,J050730.59-061059.9,3500.0,None,None,2.5,None,None,2.50874957214e-10,1.96601691193e-12,1.87763180162e-12,842.213053485,10.6656025619,10.4962517886,9.64954072434e-18,3.39156647717e-19,3.40156017675e-19,0.513870645139,0.0150636273712,0.0156954112116
AWI0005wd8,J051143.75+122012.5,5300.0,None,None,2.5,None,None,3.04079548598e-10,1.33618568905e-12,1.30766088841e-12,215.021472627,11.3985591186,13.756449456,2.28550046625e-17,5.84739769784e-18,7.05722621004e-18,0.000671577192236,5.73416530609e-05,5.81007890829e-05
AWI0005yo4,J051328.63-043910.6,8929.69499185,49.9637222262,49.1715875765,None,None,None,2.72821631514e-10,2.24707547438e-12,2.21512680367e-12,134.350316295,55.0285320752,42.3200715846,6.66970968867e-17,4.75775530604e-17,1.74510320086e-15,4.93771694077e-05,1.25911831426e-05,0.000103828545333
AWI0005wdi,J051604.02+061852.6,3500.0,None,None,2.5,None,None,1.32923885664e-10,8.94514829967e-13,9.20537672624e-13,795.00333262,7.21317678372,7.51304259736,3.88511520634e-18,1.12631615492e-19,1.13039204598e-19,0.585358463412,0.0141933231705,0.0141331195979
AWI0005wdq,J051740.83+090514.5,3800.0,None,None,2.5,None,None,1.3699525401e-10,7.82469673295e-13,7.94181524656e-13,504.21932645,8.43364742448,8.24312330317,4.47366661507e-18,2.21261299044e-19,2.45537602736e-19,0.0738450550793,0.00215150811852,0.00222355900206
AWI0005yor,J052007.77-055046.0,12912.3958042,115.408240379,120.31386279,None,None,None,1.32301236027e-10,1.39710093246e-12,1.35500790274e-12,194.424757751,2.36365120237,2.56687885372,2.31761819208e-16,1.57217602336e-17,1.57900569103e-17,0.000680836581418,1.96975149297e-05,1.95396818243e-05
AWI0005yp1,J052104.79-102057.0,7128.38682358,63.7178669749,65.0047408567,None,None,None,1.53120572968e-10,1.45686644367e-12,1.43492471368e-12,249.338918692,5.85386755619,6.49080383849,3.88479313436e-17,4.19558693301e-18,4.313875749e-18,0.0024816795162,8.29164453938e-05,8.21089910874e-05
AWI0005we7,J052252.94+005557.8,8629.40347455,104.946510564,101.805431797,None,None,None,9.43741416926e-11,1.03411294065e-12,1.04144232907e-12,139.270557068,5.82966309473,5.52661523167,1.58901167468e-16,3.29348353733e-17,4.55508654219e-17,0.00121450917207,0.000120698551972,0.000128054661309
AWI0005yp9,J052303.81-044043.7,4000.0,None,None,4.0,None,None,9.30688782841e-11,5.63663655245e-13,5.93458808956e-13,634.250587234,8.06873006991,7.84554368068,1.77295714449e-18,7.19213786783e-20,7.89076017803e-20,0.12936564634,0.00340136179566,0.00346670624161
AWI0005web,J052331.01-010423.6,5400.0,None,None,4.5,None,None,2.13313140119e-10,1.38119224475e-12,1.3788960232e-12,669.211908354,6.78380385807,7.03075442371,3.39087535123e-17,1.18258799026e-18,1.20060221413e-18,0.175810679837,0.00352416328332,0.00343862656197
AWI0005wee,J052408.04+022746.9,7189.18137051,104.800875639,106.198915983,None,None,None,1.52165716228e-10,3.02748076077e-12,3.21581538599e-12,765.881019854,8.94657734885,9.10897006435,3.08851976635e-17,1.10400582777e-18,1.08413317166e-18,0.171590902188,0.00475820322898,0.0049594560909
AWI0005wef,J052411.19+033521.5,3700.0,None,None,4.0,None,None,1.11036437953e-10,6.08814016421e-13,6.2865165374e-13,516.057833688,9.39597151602,8.85861496522,2.50074720882e-18,1.36258948326e-19,1.48946570002e-19,0.0766968729682,0.002371634405,0.00239299201146
AWI0005ypj,J052437.25-084201.9,5200.0,None,None,3.0,None,None,2.9510651382e-10,1.35239630811e-12,1.3640322678e-12,167.841523177,1.00536196803,1.03553501317,1.24401033667e-14,4.51291729571e-16,4.82355341046e-16,0.155141421179,0.00281497391818,0.00282538788321
AWI0005ypo,J052556.05-021601.5,3600.0,None,None,4.0,None,None,9.77224092199e-11,6.08257193519e-13,6.22289569944e-13,823.332623458,18.1890093709,19.1551713913,3.5179985285e-19,2.41560877234e-20,2.4270175643e-20,0.100671403025,0.00394442435489,0.00422943383292
AWI0005wex,J052617.32+055817.1,5100.0,None,None,2.5,None,None,3.98261168751e-11,2.42266811212e-13,2.37841718387e-13,413.661743564,4.98905704678,4.81749907225,3.47967360281e-18,1.69160999636e-19,1.81235418458e-19,0.0949347690068,0.00213683040468,0.00224858742989
AWI0005ypv,J052653.64-100458.1,3400.0,None,None,4.0,None,None,1.22616837967e-10,6.87834948596e-13,6.93829867482e-13,539.894255193,4.79882087678,5.03269225774,7.79077642514e-18,2.63668436154e-19,2.58732985692e-19,0.329336340541,0.00611868392766,0.00646926049912
AWI0005n0p,J052746.74+174407.4,7000.0,None,None,5.5,None,None,1.21419987166e-10,4.85300492197e-13,4.85672307098e-13,127.240543458,4.53257297984,4.07294296919,3.66904022184e-16,6.51212470746e-17,8.81738291551e-17,0.00271376256702,0.000210939383585,0.000241495735387
AWI0005wfn,J052859.70+032148.6,7584.98001355,92.0642519822,92.7587611787,None,None,None,1.05725547786e-10,1.1920077528e-12,1.20684690062e-12,155.29715638,4.38107440724,4.38895214693,9.71776503438e-17,1.53762677886e-17,1.78902026006e-17,0.00152433331758,0.0001168926055,0.000128423623063
AWI0005wfv,J052945.11+021539.6,2500.0,None,None,4.5,None,None,2.95709407508e-10,1.69953791233e-12,1.72971527815e-12,607.397771641,11.0681750814,11.2420724792,3.27726986929e-18,1.7413514569e-19,1.86104890881e-19,0.130666445808,0.00455528025498,0.00463394397159
AWI0005wg8,J053020.90+004432.8,3400.0,None,None,2.5,None,None,5.12290203922e-10,2.47301320153e-12,2.58349610131e-12,389.370585026,24.1637442826,30.3385505772,7.27410557695e-18,1.42865012931e-18,1.52837008867e-18,0.00478406440208,0.00039429593208,0.00048223527174
AWI0005yqi,J053047.99-073132.4,3600.0,None,None,2.5,None,None,8.44971070544e-11,5.14082271595e-13,5.06761676656e-13,554.664250607,6.47129047488,6.49387051394,1.98031565111e-18,8.50678106338e-20,8.63923405751e-20,0.156240953315,0.00363739534418,0.00376740599853
AWI0005wgp,J053224.00-050523.4,3600.0,None,None,5.5,None,None,1.33646066188e-10,4.33305513912e-13,4.18353790326e-13,743.293675746,9.94439038095,9.85566865332,2.31481564313e-18,9.08682549144e-20,9.66361642783e-20,0.23550945117,0.00499524515906,0.0050963120991
AWI0005wgs,J053225.66-034313.6,4200.0,None,None,4.5,None,None,6.66664317576e-11,1.94545806532e-13,1.95824190112e-13,614.467966225,6.90893915567,6.58341101535,1.86544522292e-18,7.79044204136e-20,8.73521840473e-20,0.192337861771,0.00317872706085,0.00321899626264
AWI0005wi7,J053431.70-035151.2,4200.0,None,None,2.5,None,None,1.56304394501e-10,6.1854169912e-13,6.18338685876e-13,637.932559614,11.9571625293,12.8086767018,1.62793925367e-18,9.7033095503e-20,9.73476652995e-20,0.0355010768665,0.00125028481677,0.00125619859827
AWI00055xe,J053523.12+594548.1,8092.95708717,33.8533871906,32.0383804247,None,None,None,2.62799337184e-10,1.80302591241e-12,1.85680860145e-12,194.764275082,17.7230660614,18.1678862288,2.02419899331e-17,6.44497328045e-18,9.88339183712e-18,9.85844714158e-05,1.04049591967e-05,1.09752231304e-05
AWI0005wj7,J053525.11-064756.5,3500.0,None,None,2.5,None,None,1.37568344528e-10,8.93962211953e-13,9.4047457333e-13,621.145177283,7.70978812273,7.73545857059,3.22797366097e-18,1.32352362056e-19,1.37826224549e-19,0.169128803898,0.00444738463287,0.00455239638229
AWI0005wjy,J053552.02-061001.6,2900.0,None,None,5.5,None,None,4.17392173101e-10,1.23488206848e-12,1.23097150518e-12,468.051297691,2.73771147953,2.70229735238,2.56040318115e-16,6.02479093649e-18,6.20773504813e-18,0.998031632132,0.00331083439246,0.0014340509386
AWI0005wku,J053628.55+000445.6,5200.0,None,None,2.5,None,None,1.00132862471e-10,5.8940754361e-13,5.67980782368e-13,593.684247408,5.02276013486,4.8670376234,1.0019504776e-17,2.97027718589e-19,3.10850340943e-19,0.169725194654,0.00311476550956,0.00329729632399
AWI00055xg,J053707.15+603636.4,9932.3614368,80.7792960848,83.3446518293,None,None,None,1.74071113958e-10,1.77972440245e-12,1.65238246748e-12,191.593338385,13.9739302156,14.9912459689,2.06301363551e-17,6.29447967247e-18,8.66080256319e-18,9.43620944636e-05,1.05432413204e-05,1.01033001768e-05
AWI0005wmu,J053805.25-011521.6,7000.0,None,None,5.5,None,None,1.4810216753e-10,4.56048573413e-13,4.52049065572e-13,926.530559362,14.1737172318,14.2675487652,2.03029724395e-17,8.58478989084e-19,9.07113973251e-19,0.284108192728,0.00639272988923,0.00705389321751
AWI0005wnn,J053827.67-065453.6,3900.0,None,None,4.0,None,None,1.15562557172e-10,4.28766660236e-13,4.14649887786e-13,520.584639579,5.75286924587,5.72385145968,6.63149369274e-18,2.53737924099e-19,2.68433035389e-19,0.157672790904,0.00298410618328,0.0028929656803
AWI0005wnz,J053839.81-025646.2,3244.323756,11.98436018,326.0677273,None,None,None,1.58E-10,6.33E-11,1.96E-12,444.1200429,12.07690298,135.1630948,1.08E-17,5.42E-18,9.64E-19,0.996244974215,0.14978061214,0.00312507545066
AWI0005yrn,J053844.06-111411.1,5100.0,None,None,3.0,None,None,1.47410331677e-10,7.92131461039e-13,8.32666345023e-13,455.85725535,4.68198304464,4.69210373898,3.50709408274e-17,1.21184030327e-18,1.28910166245e-18,0.102939906806,0.00193513285923,0.00208255029574
AWI0005wox,J053926.39-021503.3,3900.0,None,None,4.5,None,None,9.13371195895e-11,3.45442861735e-13,3.3913599057e-13,556.772123712,4.38770187682,4.1687277393,9.23871397393e-18,2.80272581884e-19,2.90925172528e-19,0.45991465582,0.00647559073668,0.00646410817643
AWI0005wpr,J054006.72-061618.9,3800.0,None,None,4.0,None,None,1.50512463704e-10,7.05447135822e-13,7.52498566673e-13,602.26233035,6.85336419795,6.73541655808,5.59621302806e-18,2.04557223846e-19,2.1278408507e-19,0.155772075357,0.00324034445706,0.00340447936214
AWI0005yrp,J054011.76-094211.1,5300.0,None,None,5.0,None,None,1.51140657411e-10,1.03584606135e-12,1.02464832057e-12,557.964366732,4.29885485927,4.34477635473,6.79789428752e-17,1.83110733725e-18,1.91904091554e-18,0.365549615919,0.00644645691802,0.00655038154232
AWI0005wsf,J054214.29-075835.1,3700.0,None,None,3.0,None,None,1.2178864607e-10,4.45206370841e-13,4.39726967754e-13,658.654860229,6.45282872917,6.58735987455,6.43191941154e-18,2.0769607043e-19,2.18731949927e-19,0.435578417986,0.00695637090132,0.00712881323332
AWI0005wsk,J054227.76-100151.2,3900.0,None,None,3.0,None,None,1.95049150919e-10,9.59800892234e-13,9.35430081223e-13,497.672066667,4.36141296963,4.06339444665,1.09983047827e-16,2.98720522299e-18,3.46454199527e-18,0.766526828495,0.0116456386471,0.0121442781491
AWI0005e72,J054259.80+445105.2,8819.09170535,66.4193521534,66.5820742948,None,None,None,2.91130098159e-10,2.92015085664e-12,2.94806196715e-12,254.872375441,34.003689298,45.5312523611,6.38885935998e-18,3.03378049252e-18,4.43277832974e-18,5.2523624969e-05,8.41529233443e-06,9.07569512614e-06
AWI0003lz9,J054330.38+251724.4,9111.67327543,108.381014746,108.699717599,None,None,None,2.01793248678e-10,3.2290005237e-12,3.16104843711e-12,1049.76907308,26.1245663314,27.4552611886,2.0416357747e-18,1.03408850778e-19,1.02820564147e-19,0.00884200954451,0.000466951572887,0.000495702312388
AWI00055xr,J054733.26+521144.5,6400.0,None,None,2.5,None,None,1.89172082142e-10,9.11013721151e-13,9.22105306978e-13,898.981017698,20.055704985,19.4131764123,1.42714585286e-18,7.02894789201e-20,7.56483736836e-20,0.0154975305404,0.000746056865592,0.000790206383458
AWI0005zil,J055417.57-383951.1,7000.0,None,None,2.5,None,None,5.91591279037e-11,2.62516669642e-13,2.60378481387e-13,633.866363845,5.97697447705,5.84625244956,2.70251828523e-18,8.71841430593e-20,9.35779324088e-20,0.0519192520588,0.000908791166178,0.000918496835347
AWI0005wvr,J055720.57-134921.9,4300.0,None,None,5.5,None,None,1.35724479544e-10,5.33406795541e-13,5.20127071658e-13,717.027736366,7.55136031109,7.79754614771,4.89406691259e-18,1.71083006403e-19,1.81627472927e-19,0.205573045972,0.0037023906661,0.0036249166198
AWI0005ww1,J055804.52-141457.4,6200.0,None,None,2.5,None,None,5.76293725462e-11,1.84494830892e-13,1.93037075898e-13,226.445483981,3.89303064054,4.23212518344,6.26264334813e-17,5.55520258298e-18,6.02828671767e-18,0.0335752986915,0.000849353534994,0.000890278013927
AWI0005wwi,J055924.43-145421.8,6200.0,None,None,4.0,None,None,5.40751690955e-11,3.23789795442e-13,3.26283483931e-13,549.7071701,5.76806629877,5.99720705292,2.28217743916e-18,9.54613479469e-20,9.53250205147e-20,0.0482324675797,0.0010533765544,0.00105107355997
AWI0003lzu,J060325.99+172444.3,7230.3811144,77.9365324325,82.4124746252,None,None,None,1.8207054655e-10,3.01704644955e-12,2.9972651769e-12,1058.37317296,31.383929255,31.8105446431,9.49687167659e-19,5.43448563589e-20,5.871395084e-20,0.0131516073795,0.000846334131259,0.000891113708232
AWI0005ag4,J062612.83+473232.1,6200.0,None,None,5.0,None,None,9.82611943434e-11,5.42535826156e-13,5.52187779485e-13,652.157494548,4.28350552068,4.60129823134,3.58353334007e-17,8.61593824497e-19,8.6248600373e-19,0.454426824698,0.00750073005663,0.00755121770188
AWI0001a1v,J064151.08+100144.6,10272.5347469,23.2176889076,42.6565833171,None,None,None,8.5531157516e-11,4.65771581801e-13,3.62890859141e-13,231.927602781,4.42120090569,4.76893871892,5.98474123753e-17,5.60019199212e-18,6.01613024922e-18,0.00212208797651,5.55783890834e-05,5.87245534985e-05
AWI0005d88,J083100.44+185806.0,8320.32912511,45.5810788347,48.8563737391,None,None,None,3.40719496743e-10,2.39134224511e-12,2.40258308951e-12,43.1315751624,8.52392609409,18.2491833535,2.52030337806e-12,2.49305316799e-12,9.91632160349e-11,0.0154728943921,0.0147764509616,0.248949168275
AWI0000s7e,J103639.10+441425.8,5900.0,None,None,4.5,None,None,3.52748456757e-11,1.1404727792e-13,1.16611708098e-13,146.257841459,2.86848134215,2.96019665924,1.77971996792e-16,2.22524923626e-17,2.47954238963e-17,0.0540096589287,0.003199377924,0.00336558370261
AWI000437j,J110245.01-632940.4,6300.0,None,None,3.0,None,None,2.33992347374e-10,8.87191627373e-13,8.20478757943e-13,86.7245299662,22.1998457481,23.839538254,1.45600322244e-15,1.17201134803e-15,1.81435726569e-14,0.000963891100947,0.000463026663933,0.00294274559938
AWI0000y1k,J111714.49-594610.8,8049.82472134,50.2768729833,49.5685759915,None,None,None,4.08248750402e-10,3.77071103338e-12,3.77547577031e-12,197.497789848,16.7869691015,15.6732882401,5.75280267135e-17,1.41105054351e-17,2.35504489888e-17,0.000125819131085,9.32644783202e-06,9.34792645836e-06
AWI0005cwg,J111925.92-301922.9,12549.8185147,142.063545114,149.193631233,None,None,None,1.51092983545e-10,1.82070621297e-12,1.79277810604e-12,214.322149423,6.83217075066,7.5705844255,4.37963327418e-17,7.03556450327e-18,8.0200254525e-18,0.000163484199228,9.46600203065e-06,9.31385431942e-06
AWI0005da8,J112256.98-203731.7,8834.75263111,61.2855742062,58.0595300275,None,None,None,3.02186935943e-10,2.61886629362e-12,2.70708574388e-12,136.630895988,44.9091597589,37.7443445523,7.95851160032e-17,5.25586613762e-17,7.26247331494e-16,5.37976281794e-05,1.18541296241e-05,5.02255265829e-05
AWI00043e8,J113252.86-652033.1,3400.0,None,None,2.5,None,None,5.00940150352e-10,6.25846653484e-12,5.77153161418e-12,1464.15593718,79.6145790834,92.3007487054,7.50082506509e-19,6.2826033909e-20,6.99806107159e-20,0.103097086931,0.0157090095523,0.0207038311007
AWI0002dmo,J113505.30-554840.3,4500.0,None,None,5.5,None,None,3.21019200244e-10,2.00926672645e-12,1.94658104478e-12,446.550812193,3.02693388817,2.87810998015,2.49631740961e-16,5.35900776611e-18,5.82492706652e-18,0.234887373185,0.0040002309569,0.0042203292817
AWI0005x9h,J114336.83-802900.5,8994.85577306,58.0735018161,55.654109044,None,None,None,4.51500465815e-10,4.21683854387e-12,4.31900803806e-12,261.770096212,21.5276860244,22.2256499643,2.01310780369e-17,4.44899786835e-18,6.22178261887e-18,7.1118128307e-05,7.2673396658e-06,7.92013025626e-06
AWI0002dny,J114401.39-552327.0,8628.25663294,65.3246040605,64.6835666279,None,None,None,1.65399780374e-10,1.53653625379e-12,1.57511876114e-12,181.160297802,14.7975431452,15.2128854222,1.79393519231e-17,5.81219767308e-18,8.50303651111e-18,0.000127515155344,1.52566089961e-05,1.54162497802e-05
AWI00056ck,J121456.32-475654.6,7884.10286957,47.7023240077,49.9201091815,None,None,None,2.73406150291e-10,2.45575972616e-12,2.36184014543e-12,148.456632739,7.98581747516,7.48794170911,1.99627431422e-16,4.12744518352e-17,5.91018139314e-17,0.000336015448149,1.87284051799e-05,2.05479730602e-05
AWI00056i5,J132026.77-491325.4,8217.61595407,54.9024053992,56.1100962935,None,None,None,2.72970069784e-10,2.55658821092e-12,2.66700241152e-12,172.637869785,14.4339547501,12.888433924,4.90511972542e-17,1.2747723365e-17,2.21640292273e-17,0.000129550576342,9.53079182983e-06,9.82571613156e-06
AWI0000wqx,J132217.71+623337.9,4600.0,None,None,2.5,None,None,2.16643199999e-10,9.80922946146e-13,1.03148037126e-12,281.558594905,4.58026174399,4.54418761565,5.80140013602e-17,3.6936188295e-18,3.80190708783e-18,0.0173350643291,0.000295301701329,0.000291703525978
AWI0005f32,J134909.18-541342.3,6000.0,None,None,2.5,None,None,3.08206881556e-10,1.14823703034e-12,1.19240243247e-12,137.824216675,44.9818787331,31.3425410139,5.63918637919e-17,3.4557190586e-17,5.06183162049e-16,0.000173063102547,3.46562150168e-05,0.000164026856211
AWI0005f42,J135331.70-523004.9,9411.49739998,71.0697011304,71.7087645351,None,None,None,1.91332982401e-10,1.7211719457e-12,1.75388084024e-12,197.757734192,25.8052195641,27.8851198024,9.43310634142e-18,4.16046667266e-18,7.48606740807e-18,5.02496188704e-05,7.72977900776e-06,7.8971390254e-06
AWI0005f4c,J135518.84-533142.8,8383.80803737,47.5926689241,51.3680357803,None,None,None,2.39102136631e-10,1.98663035938e-12,1.82001949927e-12,222.369732502,2.59005895637,2.66085231274,2.63993349871e-16,1.41298428263e-17,1.49241379798e-17,0.00228610986386,4.51250647704e-05,4.61429010056e-05
AWI0005f5v,J140353.79-534628.3,8009.17344566,43.5997757298,44.0460127735,None,None,None,2.82334839479e-10,1.98830605922e-12,1.86494982413e-12,43.2046757484,5.83559400715,8.71715133448,6.57508926552e-12,6.06509188992e-12,6.21176000233e-11,0.0695450895809,0.0582188028511,0.338265149507
AWI0000us7,J142409.74+581826.3,3500.0,None,None,4.0,None,None,4.19791043042e-10,2.82744432936e-12,2.94640451753e-12,774.525974714,54.4934983769,55.0985758583,1.13541954656e-18,1.41503060089e-19,1.78446163879e-19,0.0154674668249,0.00237772389753,0.00267266001475
AWI0005av7,J143944.28-402206.3,6300.0,None,None,3.0,None,None,2.60304004173e-10,1.05812353644e-12,1.09546689939e-12,174.067205728,25.7918026655,22.7115790366,2.11956549473e-17,9.77676910537e-18,2.26882537657e-17,0.000183438439202,3.52165892448e-05,3.88968636614e-05
AWI0000w9x,J144313.04+014928.7,11051.6845214,101.906161449,106.138046079,None,None,None,2.35071088732e-10,2.52798287943e-12,2.47471600402e-12,222.20178357,14.401264861,15.3782464777,1.86161164186e-17,4.40926132651e-18,5.52437982196e-18,5.5074438191e-05,4.3692932067e-06,4.07227209941e-06
AWI0005cyr,J144458.63-280251.9,5400.0,None,None,2.5,None,None,4.88836725461e-10,1.81648618471e-12,1.80685202177e-12,153.385843384,53.5439468401,37.210778137,5.58824354747e-17,3.30789784576e-17,4.79494292111e-16,0.000166495953396,2.75921455094e-05,0.000101725683369
AWI0000vag,J145820.26+150229.3,3900.0,None,None,2.5,None,None,6.98845143535e-10,3.46496493359e-12,3.33053898567e-12,1234.40537645,97.9233689728,102.376266347,8.50546712992e-19,1.04707632167e-19,1.27124763065e-19,0.0174624726155,0.00330395471948,0.0039852574211
AWI0000uji,J151147.67+101259.8,10815.9307793,104.75662887,101.549179475,None,None,None,2.96997835191e-10,3.08424938698e-12,3.20621791764e-12,276.024907843,30.1713924337,36.1491984397,7.43454846148e-18,2.56672967963e-18,3.78011654213e-18,3.62585975798e-05,4.77426931952e-06,5.05945258286e-06
AWI0000qxd,J152527.16+284914.6,4700.0,None,None,4.5,None,None,2.11353906108e-10,9.50527519683e-13,9.2381115744e-13,547.770566274,29.1970550145,28.4971528521,1.32044848661e-18,1.54416903759e-19,1.98186734948e-19,0.00544240729641,0.000466651380036,0.000537312698403
AWI0000v1z,J152954.11+234901.6,8577.39850632,47.1421964887,51.8816055725,None,None,None,3.01487621323e-10,2.09753451103e-12,2.13864111809e-12,47.7219688564,13.4929345337,33.5260946959,2.03889350008e-13,2.03212379016e-13,4.19312854607e-11,0.00219564238027,0.00212782943019,0.116901900382
AWI0000t35,J153456.23+335145.2,3800.0,None,None,2.5,None,None,2.11689056854e-10,1.08908142347e-12,1.09298637946e-12,625.749589109,40.6718071145,37.5740998357,7.16794361128e-19,9.24456965483e-20,1.25801327819e-19,0.0117537686346,0.0013443309705,0.00141388868339
AWI0000tpu,J153716.27+331834.4,4600.0,None,None,2.5,None,None,1.61753328924e-10,7.71744717756e-13,7.89263204053e-13,484.128755621,27.0340670075,26.286460175,1.52162433373e-18,2.07895310879e-19,2.66668846828e-19,0.00711527753153,0.000528503041153,0.000596779286063
AWI00005x2,J153910.61-154639.2,2500.0,None,None,4.0,None,None,2.33791775263e-10,1.06653342446e-12,1.07221231228e-12,225.567122431,3.04904738192,3.37166423772,1.20224840479e-16,8.50431788435e-18,8.14880918068e-18,0.145693020952,0.00309105635866,0.00303212104112
AWI0000tz1,J154030.20+370101.1,11398.0423895,106.982091615,108.797950162,None,None,None,2.42797922823e-10,2.61710422093e-12,2.60937846742e-12,188.806733338,16.3175577404,15.9242334061,3.08871514247e-17,8.6161239977e-18,1.35002650701e-17,3.96293526584e-05,3.36377577431e-06,3.35976878836e-06
AWI0005dyy,J154709.73+303356.0,12705.6044962,127.113678432,134.058014751,None,None,None,1.59736702887e-10,1.70935387475e-12,1.66123661306e-12,165.719081485,25.8852495167,22.2085907776,2.1893762916e-17,9.37178773552e-18,2.57844855681e-17,2.532971077e-05,4.19963146107e-06,4.81184528898e-06
AWI0000tsh,J155009.26+403823.5,3900.0,None,None,2.5,None,None,4.17196945476e-10,1.55694114872e-12,1.55777102263e-12,340.539139653,57.1716028784,96.188234796,1.54365089836e-18,8.14843119965e-19,1.2728733282e-18,0.000529962880913,0.000111081695099,0.000171810972732
AWI00004c1,J161241.51+054140.8,3400.0,None,None,2.5,None,None,2.98351575715e-10,1.14505456064e-12,1.23362741608e-12,845.069793919,59.0607910946,61.4185804366,3.82515602997e-19,5.57713575267e-20,6.67860353931e-20,0.0163581015083,0.00224016028935,0.0025316245589
AWI0005b4j,J161808.54-224218.7,5500.0,None,None,2.5,None,None,2.54755385645e-10,1.46495851352e-12,1.54965610175e-12,625.379487679,39.0455563045,38.8415746988,1.70327478139e-18,2.2155685131e-19,2.8167525728e-19,0.00438915775626,0.00050638560683,0.000539037935417
AWI0005b52,J162039.60-263428.5,3400.0,None,None,4.0,None,None,1.69362270261e-10,5.59664873009e-13,5.63577313581e-13,89.5803993833,20.8678756592,12.3024349749,2.81024351955e-15,1.65520406959e-15,2.26973833539e-14,0.0474196310158,0.0148967320653,0.100405394856
AWI0005b5k,J162224.95-232955.1,3000.0,None,None,2.5,None,None,2.00908698162e-10,7.2125233899e-13,7.33402831582e-13,622.895272929,6.94062779406,7.01711819982,6.46378760158e-18,2.53341341066e-19,2.69678233068e-19,0.297693575613,0.00544147506875,0.0056986895466
AWI00025ny,J162418.65-431516.5,3400.0,None,None,2.5,None,None,6.1408532915e-10,6.55193944139e-12,6.10519354959e-12,1259.23017161,47.9563803226,51.1150746651,3.03280745099e-18,1.96513426647e-19,2.1965979241e-19,0.151501526192,0.0154305037569,0.017995567778
AWI00000lj,J162754.20+061441.3,3600.0,None,None,2.5,None,None,4.86869868747e-10,1.87436794962e-12,1.83951296881e-12,384.965534907,25.3354171095,31.726346422,7.79258988457e-18,1.61996291741e-18,1.83489888613e-18,0.0043115600077,0.000323539015743,0.000417184918344
AWI0005b80,J162932.66-254329.3,3000.0,None,None,5.0,None,None,2.09069853373e-10,7.45850910066e-13,7.32255084751e-13,535.769343514,7.38628717721,7.01404640088,6.52659181418e-18,2.69555425149e-19,2.93815299938e-19,0.151821577732,0.00343149904599,0.00334340542297
AWI0005b88,J163033.90-242806.5,3500.0,None,None,2.5,None,None,1.18114597788e-10,7.13007185756e-13,7.00024064321e-13,649.273524618,9.68685763662,10.0330559185,1.39014653005e-18,7.29879586507e-20,7.35476240472e-20,0.11802326542,0.0034450960549,0.0033679669677
AWI0005dhk,J164021.30+075004.8,3400.0,None,None,2.5,None,None,6.18000358679e-10,2.48548020767e-12,2.50551579234e-12,454.302998349,38.5922734309,55.5501115921,8.61901127717e-18,2.23668092846e-18,2.4054628731e-18,0.00719516039557,0.000802029610468,0.00135270348893
AWI0005gnp,J164540.79-310226.6,5800.0,None,None,2.5,None,None,2.35374028939e-10,1.14685026979e-12,1.06109758854e-12,66.4256364544,16.0346596709,20.3136750622,4.19594356477e-14,3.78048167696e-14,9.12126323869e-13,0.0129825810868,0.00920969385774,0.0855639253701
AWI00057qr,J164548.44-263858.1,10868.0729035,102.418628281,106.432980126,None,None,None,2.76066607629e-10,3.08103633453e-12,2.94511686338e-12,192.39924399,9.86865545217,10.0452721268,6.076736719e-17,1.24730545465e-17,1.52455799909e-17,7.82449392845e-05,5.4966718851e-06,5.37382779405e-06
AWI0005dhx,J164837.40+351209.3,5600.0,None,None,4.0,None,None,1.31272456748e-10,8.31723277333e-13,8.20207732507e-13,620.132394746,4.92669001884,4.7678507668,1.41005912244e-17,3.35077641111e-19,3.69038235729e-19,0.123062694529,0.00253377732366,0.00253064784965
AWI0005di7,J165204.85+145827.2,12074.0954723,115.109507118,116.950237817,None,None,None,3.08179748148e-10,3.22815231814e-12,3.36507348892e-12,265.548532319,29.6390539733,32.512642792,9.86753945669e-18,3.32188662708e-18,5.00351059305e-18,2.43678370491e-05,3.34366057239e-06,3.57842313768e-06
AWI000028h,J165556.61+241554.0,4800.0,None,None,2.5,None,None,5.06429914256e-11,1.84207712262e-13,1.89872060628e-13,484.571638205,11.6084260806,11.8250306362,6.10247146038e-19,5.41312224619e-20,6.14837693403e-20,0.0247507546055,0.00102325379862,0.000993013014685
AWI00005ko,J165920.60+131219.3,4100.0,None,None,2.5,None,None,5.1256759364e-11,2.01253860118e-13,1.85482596125e-13,854.755713664,13.9221522786,13.8992184797,2.51284324211e-19,1.42309288738e-20,1.50801077728e-20,0.180706209678,0.0042396553803,0.004180077824
AWI0005bew,J170737.21-062607.2,4700.0,None,None,5.5,None,None,3.37584352366e-10,2.41033174591e-12,2.3300038539e-12,699.538721662,24.5250172213,25.356634397,3.13740472036e-18,2.33209002533e-19,2.44110472835e-19,0.0135298915525,0.00108194968592,0.00112652381614
AWI0005844,J171043.91-220016.7,6500.0,None,None,3.5,None,None,2.5677850968e-10,9.68593619274e-13,9.64923407975e-13,198.852994968,3.31269524581,3.49444834022,1.68664771459e-16,1.53804249636e-17,1.60582384864e-17,0.0022400556772,7.39798029625e-05,7.52578120184e-05
AWI0005paa,J171307.83-532428.8,3500.0,None,None,2.5,None,None,5.73773511229e-10,2.35677737689e-12,2.36438527828e-12,339.773598286,6.07835221038,6.45906006693,1.83553483253e-16,1.12635237043e-17,1.156405573e-17,0.0495625474382,0.00101935653196,0.00101396782781
AWI0005djv,J172007.53+354103.6,6800.0,None,None,5.5,None,None,3.21447674891e-10,1.00164401304e-12,1.0394719807e-12,194.821666479,29.4955481164,29.8993740002,1.34707105351e-17,6.12549697887e-18,1.32294667037e-17,8.91956519408e-05,1.54309280514e-05,1.58672349045e-05
AWI0005igi,J172452.23-185133.5,6200.0,None,None,3.0,None,None,3.44631616446e-10,1.28733393495e-12,1.24460702554e-12,90.0179190442,18.9210135366,14.6880203933,6.38686221938e-15,4.08343371559e-15,3.76948358427e-14,0.0023960057098,0.000807009204241,0.00399810617851
AWI0005bjo,J172734.02-020656.8,3900.0,None,None,5.0,None,None,6.67409139982e-11,2.66054985434e-13,2.63862160606e-13,713.392256129,6.17183972985,6.65138191356,1.73199318536e-18,5.65004075501e-20,5.76580194771e-20,0.435693397118,0.00761515769561,0.00746438980861
AWI0005bk4,J172944.28-061340.5,3400.0,None,None,2.5,None,None,3.10657697881e-10,2.2261570133e-12,2.19822610436e-12,514.108231994,10.3079638499,9.95912210525,1.2440005682e-17,6.48807912546e-19,7.16256017456e-19,0.0674154231568,0.00270782017202,0.0025848622377
AWI00000om,J173129.67+601156.1,4100.0,None,None,2.5,None,None,3.20142549665e-10,1.48634221171e-12,1.53877845939e-12,153.542152223,14.3078163679,12.4602111513,5.74219213005e-17,1.7341391145e-17,3.42431837943e-17,0.00111793237065,0.000111266307723,0.000124511435745
AWI00001l8,J173254.69+404312.3,6200.0,None,None,3.5,None,None,8.89814730426e-11,3.49166218509e-13,3.60579144555e-13,148.374371,5.97573895272,6.38859840148,6.50783752686e-17,1.62471564965e-17,1.98038586395e-17,0.00269457897534,0.000326889475651,0.000347889872478
AWI0005dkx,J173832.90+425112.9,3300.0,None,None,2.5,None,None,5.89981488231e-10,2.512763009e-12,2.63112722065e-12,417.262018637,24.7291348582,29.2013947292,8.22743125148e-18,1.42710250648e-18,1.59412831418e-18,0.00604142779939,0.000454639332009,0.00057409079391
AWI0005bow,J175911.27+135417.8,9620.27275474,74.481589879,75.036983279,None,None,None,2.08360700644e-10,1.94179577159e-12,2.02560171015e-12,345.185699008,17.3284135762,22.2038768357,1.02932748236e-17,1.94886199787e-18,2.01860811776e-18,0.000394929489668,1.71587144883e-05,2.05570564045e-05
AWI0005d5p,J180230.72+583738.4,9665.0172875,77.8020929684,80.1243166615,None,None,None,3.49551757352e-10,3.75106987893e-12,3.5241032253e-12,152.782113934,45.4258524204,35.7408140398,6.01831848928e-17,3.40067860845e-17,3.02038912986e-16,3.32504608294e-05,4.45789780729e-06,1.27367169953e-05
AWI0005bps,J180533.55+182643.9,9797.05339676,77.1878091556,75.7148534001,None,None,None,1.87411133508e-10,1.64341485104e-12,1.76611640875e-12,222.983893856,24.4877209722,31.4684353769,7.23357437853e-18,3.32293513003e-18,4.95908732009e-18,5.51623916552e-05,8.32883214305e-06,9.00546471636e-06
AWI00059aj,J180611.37+035840.5,3600.0,None,None,2.5,None,None,1.98230569927e-10,8.8100495159e-13,8.59591963587e-13,608.721728341,10.7392203001,10.1522724483,2.91454099549e-18,1.41416337297e-19,1.52521155802e-19,0.0605913603633,0.00196860670261,0.00199237565307
AWI0005xl0,J180841.59-591507.9,7580.97887642,82.9056406605,79.8670704767,None,None,None,1.73017624087e-10,2.49129305574e-12,2.58959838007e-12,790.710830114,17.053597872,17.5247335282,2.5164695378e-18,1.20957683666e-19,1.28235963344e-19,0.00996145533726,0.000430362724019,0.000467784170611
AWI0005brt,J182004.41+292653.3,11269.315454,96.1261293677,97.9722052567,None,None,None,1.65618125972e-10,1.47748966181e-12,1.51196628363e-12,172.391875264,23.3009418885,20.9589801211,2.2467152586e-17,9.50184805811e-18,2.09903413611e-17,4.51574496807e-05,7.61991689121e-06,8.20267021181e-06
AWI0002lxd,J182016.88-031207.4,3400.0,None,None,2.5,None,None,3.48150988026e-10,1.06043600434e-11,1.13848892387e-11,1901.20634992,44.488040456,41.5970131217,9.72663536894e-19,2.58667783933e-20,2.7990150369e-20,0.784959098967,0.0995205008762,0.105780022898
AWI0002lxl,J182032.53-022049.6,3400.0,None,None,2.5,None,None,4.309766521e-10,4.34034928585e-12,4.03763996409e-12,810.830647247,17.3063755415,17.2162041026,6.5111744933e-18,3.26601413096e-19,3.49535322344e-19,0.113388868688,0.00592908034182,0.00627242590493
AWI0002ao1,J182614.45-013250.8,3700.0,None,None,4.5,None,None,5.93083915906e-10,2.91667433663e-12,2.9103517255e-12,60.206692673,30.6260206562,28.6521476617,4.99766459886e-15,4.98307739296e-15,4.47654363446e-13,0.00196215409204,0.0018502097328,0.0332837279417
AWI0002001,J182717.07-041838.0,3400.0,None,None,2.5,None,None,1.57762615541e-10,1.01554041543e-12,9.82755244054e-13,719.045518476,7.97365953591,7.77255829063,4.05561842458e-18,1.36760085392e-19,1.46723529404e-19,0.326004022249,0.00789200515268,0.00777675257707
AWI0002apf,J182750.65-022407.4,3600.0,None,None,2.5,None,None,5.34987760077e-10,8.9271479713e-12,8.14550214933e-12,1512.75616814,53.9036337958,55.5263294889,2.03214405542e-18,1.07614125531e-19,1.15282575234e-19,0.22179982129,0.0259200058075,0.0292363480125
AWI0002m6v,J182955.33+004939.0,3300.0,None,None,2.5,None,None,2.50216139031e-10,1.57089196713e-12,1.59386657799e-12,193.595279523,1.60485996815,1.59367762673,2.44315753424e-15,1.09973826995e-16,1.15396503236e-16,0.462307034749,0.00959879330482,0.00955415656587
AWI0002m9o,J183311.41+025439.0,3400.0,None,None,2.5,None,None,3.17054900377e-10,3.16039725133e-12,3.58003147744e-12,1141.95058345,11.2041074451,10.4306610813,7.44290269209e-18,1.64825992988e-19,1.69293401209e-19,0.942912821454,0.0382384863881,0.0348658417256
AWI0005z1i,J183504.55-661033.0,7760.40514433,49.0708178853,51.7679260901,None,None,None,1.84283478895e-10,1.53845915862e-12,1.58478013621e-12,134.314219743,41.9297587608,27.1903499815,5.35840512802e-17,3.28720783457e-17,4.14187296868e-16,0.000147180669309,3.89642680904e-05,0.00013755681025
AWI0002mhd,J184305.97+071626.4,9220.41906141,74.8024322947,76.1901162568,None,None,None,1.99384855172e-10,1.9860651841e-12,1.89551045724e-12,172.725642665,7.40054688757,7.19398350886,7.58670442075e-17,1.44476688448e-17,1.81230354712e-17,0.000234680604386,1.69990638901e-05,1.69177983999e-05
AWI0002b3p,J184748.57+080147.3,3400.0,None,None,2.5,None,None,3.56833581733e-10,4.35727536259e-12,4.00223519184e-12,1292.33606687,48.8949213733,50.4494838927,1.04874604961e-18,7.19643043031e-20,7.69904868342e-20,0.172008250164,0.0172638527766,0.0196726521461
AWI0002b6k,J185211.39+102422.6,3400.0,None,None,2.5,None,None,2.79276316864e-10,1.83567533824e-12,1.8778377983e-12,781.950663129,35.5385912159,33.4426234795,9.63985251415e-19,8.36659716952e-20,1.03736660177e-19,0.0346085184327,0.00339335866718,0.00335550474268
AWI0005xvl,J190206.79-362142.1,8925.90108246,68.6986335715,72.6666007476,None,None,None,1.98547530079e-10,1.98834860848e-12,1.99661706015e-12,162.375845871,2.31662765561,2.43066861692,4.36826769986e-16,3.4116655681e-17,3.66160608332e-17,0.00121395456941,4.28808140864e-05,4.27194414171e-05
AWI0002mxe,J190638.88+203326.9,8631.56101415,204.438064449,206.941657327,None,None,None,5.12257091648e-11,9.1971266655e-13,9.31200145766e-13,144.852658415,2.42375874553,2.56715462646,1.98603191811e-16,2.1376192807e-17,2.17866094338e-17,0.00599098432852,0.000442157938195,0.000484806112505
AWI00017os,J190901.24+110641.3,5200.0,None,None,5.5,None,None,2.56640651227e-10,1.79316377755e-12,1.85087778328e-12,881.876467294,22.302594762,20.6359575183,1.98262104411e-18,1.00498641377e-19,1.11714096863e-19,0.0248673071305,0.0014864123201,0.00149127734908
AWI00059vy,J191845.28+371449.2,8339.35934345,175.081145016,185.438384229,None,None,None,1.56562616206e-10,5.61106982715e-12,5.51618940255e-12,1534.58392797,27.5463198475,26.3230617729,1.38498302739e-18,4.09321500278e-20,4.44222797864e-20,0.064741957339,0.00256384725839,0.00258528512694
AWI00021py,J192343.53+230856.7,3500.0,None,None,2.5,None,None,1.31572314942e-10,5.03843296504e-13,5.18807719678e-13,817.574918348,10.7745439381,11.5064300849,2.23529394934e-18,9.98085503925e-20,9.79819904546e-20,0.384586965981,0.00845033535077,0.00826639976582
AWI0005bwq,J192437.52+563454.9,4500.0,None,None,5.5,None,None,4.34795606173e-10,1.66186760214e-12,1.69526358712e-12,89.4778185556,29.3780059156,43.251502183,9.69676332985e-16,8.80150963065e-16,3.29786648533e-14,0.000810248128098,0.000440925846261,0.00486375277364
AWI0005byy,J202222.87+730903.7,7640.50029932,47.6286708919,47.3199388188,None,None,None,2.75391358817e-10,2.51523095292e-12,2.47738120475e-12,173.66875602,9.55595200813,9.59875859688,6.5544969344e-17,1.3158955958e-17,1.77058114296e-17,0.000231425323305,1.22834200937e-05,1.32971456158e-05
AWI0004y3p,J203123.98+283625.0,9583.79585944,76.1477837617,79.8754408215,None,None,None,1.72813249371e-10,1.74935108115e-12,1.70858005725e-12,338.933287351,15.614251316,18.4392983658,9.63168129479e-18,1.62277261924e-18,1.73333559982e-18,0.000504966723494,1.78200610793e-05,2.12627831642e-05
AWI0006207,J203711.08-650159.9,12476.1211579,129.408079611,129.361912674,None,None,None,2.70726699521e-10,3.06628715772e-12,2.91947943788e-12,271.549362203,26.6207794211,32.0479197541,8.58289051918e-18,2.91408509863e-18,3.84756904824e-18,2.63567236636e-05,3.05363050607e-06,3.11516028813e-06
AWI0002o5q,J204109.10+521801.3,3400.0,None,None,2.5,None,None,3.15832939935e-10,2.64207190943e-12,2.53414729449e-12,955.143999694,26.9572657065,29.3952431913,1.27971041296e-18,7.78965345987e-20,8.2154454583e-20,0.0799828999491,0.00556373112226,0.0064722299273
AWI0002o7p,J204909.99+543431.2,3500.0,None,None,2.5,None,None,5.9215566321e-10,4.46447354115e-12,4.03516699677e-12,1018.30216985,49.3062968725,53.6245283275,2.25401902539e-18,1.96640510923e-19,2.11622919548e-19,0.0461154992814,0.00540325281919,0.00640503430778
AWI0005c01,J205143.50+730449.3,9374.88481718,70.3082024678,72.1379192642,None,None,None,1.89848014296e-10,1.59502517986e-12,1.70244377782e-12,192.822184957,50.8412560997,44.5598785947,6.06006984049e-18,3.50028984546e-18,1.55248920029e-17,3.16737729648e-05,7.09315596492e-06,8.43569035343e-06
AWI0001ps3,J205207.92+484956.9,5200.0,None,None,2.5,None,None,2.98062083358e-10,1.58208961208e-12,1.48813343165e-12,305.865127198,24.8797689202,35.7552053736,5.26774503861e-18,1.76058398787e-18,1.97742076062e-18,0.000716064718999,5.38851909384e-05,6.94821118783e-05
AWI000621a,J205241.67-531624.8,6300.0,None,None,3.0,None,None,4.82869224628e-10,1.404849227e-12,1.43532669758e-12,45.5069059304,8.89134399239,16.0086656632,1.55317304136e-12,1.51697658023e-12,4.92672044937e-11,0.0182620063868,0.0168283025912,0.235028793324
AWI0005d7g,J205722.53+870157.8,9651.60072256,74.1696933097,79.0182266701,None,None,None,2.713642757e-10,2.90271534715e-12,2.69685313206e-12,191.218990792,19.0790673344,18.0156719882,2.91015398799e-17,9.28486878949e-18,1.53050232123e-17,6.09554297513e-05,6.57912582865e-06,6.85086871896e-06
AWI000621k,J205911.24-595822.3,4300.0,None,None,2.5,None,None,1.52105745438e-10,4.48750679942e-13,4.28630105462e-13,565.855420731,4.42607067034,4.47539621729,1.7190658205e-17,4.67500277725e-19,4.82007935655e-19,0.222862568382,0.0031502148449,0.00316621545271
AWI000621m,J205952.30-153218.5,2500.0,None,None,4.0,None,None,2.80328910331e-10,2.4414059604e-12,2.23349980791e-12,1004.84161962,18.4842684025,18.0329630667,9.52830977728e-19,4.09588923587e-20,4.54296982031e-20,0.316711477975,0.0153391107512,0.0154899811719
AWI00022vs,J210144.07+521717.6,4400.0,None,None,2.5,None,None,1.45866893446e-10,4.78578711039e-13,4.55729839387e-13,227.495447211,3.31053902252,3.56778029962,8.67521325176e-17,6.5162919695e-18,6.48086958054e-18,0.0291241807861,0.000640167857568,0.000647778169556
AWI0002o9g,J210805.95+570209.1,3400.0,None,None,2.5,None,None,3.87915818598e-10,5.2087937519e-12,4.84935217347e-12,1388.63835388,76.4453218302,81.7856563076,6.08865810917e-19,5.26191894505e-20,5.76440103826e-20,0.112304424681,0.0168601850272,0.0207321758056
AWI0006222,J210916.04-001405.6,9124.1476583,54.5180091671,57.5476450955,None,None,None,4.21069661821e-10,3.96699229292e-12,3.88228458693e-12,171.385967659,32.5069715478,24.4024794655,7.45118107695e-17,3.06143542508e-17,1.09348038219e-16,5.38673821646e-05,5.15701578544e-06,6.68946640046e-06
AWI0006226,J211124.19-192737.9,3700.0,None,None,4.0,None,None,3.07148677143e-10,1.55085735634e-12,1.54907693176e-12,373.877370042,15.2662893333,17.2256356482,1.11654364341e-17,1.51852458606e-18,1.67975827689e-18,0.0123638002622,0.000515265259102,0.000583001899511
AWI00022y0,J211139.56+534446.4,11216.1352698,99.0836272955,98.5149428603,None,None,None,2.57446099965e-10,2.5032258962e-12,2.50898966791e-12,233.354647956,17.5839085305,18.8068278443,1.52184747949e-17,3.95157827185e-18,5.10488065089e-18,4.2885454807e-05,3.70278373684e-06,4.00890970099e-06
AWI0006228,J211412.49-015843.1,4100.0,None,None,5.5,None,None,5.06767299001e-10,4.00869078535e-12,4.09254007332e-12,1261.5646866,41.1365358035,44.5360373581,1.77600231879e-18,1.000313537e-19,1.06989335241e-19,0.0620199321914,0.0056112208582,0.00638071255226
AWI000622o,J212547.34-022251.3,4300.0,None,None,2.5,None,None,1.23067200679e-10,4.52763336928e-13,4.400909438e-13,352.558619471,2.78374198392,2.66742788802,9.43525104558e-17,2.82667231979e-18,2.89077480309e-18,0.281366246466,0.00378565113811,0.00377956610683
AWI0005zv8,J212636.95+075307.6,6100.0,None,None,2.5,None,None,3.99721883032e-10,1.63456864912e-12,1.57699004569e-12,266.156430265,3.67643318365,4.0591035528,1.50276719994e-16,8.55449504469e-18,8.49494853686e-18,0.00340959933291,5.71338356199e-05,6.05887686185e-05
AWI00019fp,J212952.96+525601.9,11178.9886955,97.5769401128,102.070477059,None,None,None,2.41221595255e-10,2.48135614285e-12,2.46954250091e-12,248.416486623,22.2726450561,23.8562324994,9.49157403118e-18,2.68766739375e-18,3.85390167795e-18,3.9872524271e-05,4.21883335004e-06,4.17839197591e-06
AWI0002coc,J213519.16+573638.1,4600.0,None,None,4.0,None,None,8.34690780449e-11,3.36241255627e-13,3.40618670062e-13,455.577278622,3.02214285757,2.90549656657,3.5347690196e-17,8.91459724901e-19,9.43431873701e-19,0.48803056723,0.00660517806896,0.00646352831463
AWI0006235,J214241.32-013159.7,4500.0,None,None,2.5,None,None,4.0381670804e-10,1.98744825831e-12,2.18421164239e-12,284.977608541,19.0784947376,23.4876380482,9.75747159927e-18,2.45587431051e-18,3.08492698544e-18,0.000970302679838,7.03494982231e-05,7.56382026398e-05
AWI0001q3p,J214537.00+570201.1,3400.0,None,None,2.5,None,None,1.54130123014e-10,7.21491440043e-13,6.96243851688e-13,674.102413043,5.40136461862,5.37284046246,7.8072135941e-18,1.92622719043e-19,2.05840915249e-19,0.50803828901,0.00830820370339,0.00839931021618
AWI0002oe7,J214622.33+623151.8,8915.88037347,82.5873044059,82.9510480513,None,None,None,1.16367850657e-10,1.13617065063e-12,1.11326368289e-12,194.092458013,3.75675363471,3.74297048109,6.98483699562e-17,7.0028176248e-18,7.71869370421e-18,0.00115829247926,4.79755744646e-05,4.89179524529e-05
AWI0000phs,J215221.25-031028.9,12718.2016281,132.030514179,141.48047405,None,None,None,2.75093939823e-10,3.10345537767e-12,3.04503526629e-12,189.991617661,7.37395237756,7.62504438814,9.48654149555e-17,1.49004448712e-17,1.77322817279e-17,6.24350511321e-05,3.17555724148e-06,3.26962759872e-06
AWI0000ns8,J215739.35-083351.4,11271.3331053,111.518762839,127.360037996,None,None,None,2.92730424702e-10,3.8219331054e-12,3.29834350319e-12,377.916053243,19.9103133566,26.4545093604,1.64010910747e-17,2.98147180189e-18,3.01321117333e-18,0.000242403972218,1.31261397183e-05,1.82965969083e-05
AWI0000psm,J215947.70-593411.9,8129.36584045,51.1145342116,53.1612592056,None,None,None,2.49235066888e-10,2.30803573501e-12,2.31589045413e-12,280.143596912,31.383124995,43.2708651872,4.17836099237e-18,1.79847251464e-18,2.46580295788e-18,9.59268811773e-05,1.26044346103e-05,1.3361263578e-05
AWI0002360,J220614.20+600204.6,4200.0,None,None,2.5,None,None,6.38562607779e-11,2.63809932772e-13,2.65167990645e-13,669.862579533,4.60687852795,4.48076063968,4.51983488209e-18,1.09348650583e-19,1.17464057547e-19,0.717345459909,0.0102788172705,0.0101421885422
AWI0005aap,J221513.24+711142.2,4300.0,None,None,5.5,None,None,9.13177232984e-11,3.41497429111e-13,3.28531538533e-13,466.536476621,2.77428879308,2.9599211777,2.1311893236e-17,5.24614665425e-19,5.08722699861e-19,0.35427170044,0.00489831266333,0.00473052247409
AWI0000hdq,J222222.91-531805.1,4800.0,None,None,5.5,None,None,1.37199345562e-10,5.30683280612e-13,5.55269488023e-13,193.415433659,3.51820097696,3.93929263548,6.73283830266e-17,7.27909632628e-18,7.33779924525e-18,0.00942268942095,0.000373095460797,0.00039356580024
AWI0005w29,J222412.79+484918.7,10224.3078312,83.8748152809,80.7493415048,None,None,None,2.28983889717e-10,2.26197411508e-12,2.23266375368e-12,167.442446245,43.2840737935,33.1216389032,2.19466473924e-17,1.16251469205e-17,6.27601726401e-17,3.14936103919e-05,5.60182161632e-06,7.85880289578e-06
AWI0005abb,J222653.92+733429.0,12134.6299863,110.957699253,111.814834693,None,None,None,1.60535786874e-10,1.46751223528e-12,1.44630958407e-12,248.693668867,12.3955453325,14.9537670976,1.04002424348e-17,2.26733591496e-18,2.64854394113e-18,7.15131217335e-05,4.32393929085e-06,4.56346025094e-06
AWI0005abf,J222753.27+704806.0,8980.39603983,63.7902252607,66.2829945179,None,None,None,2.67711803001e-10,2.53987051235e-12,2.51690661558e-12,157.915955298,28.3628249136,21.3387389709,4.84400461579e-17,1.94995979531e-17,7.32666123899e-17,6.69363659506e-05,6.30136238068e-06,9.50004155604e-06
AWI0002cu6,J222906.46+631045.9,4000.0,None,None,2.5,None,None,8.96861422903e-11,3.43175201129e-13,3.34768211523e-13,540.527843995,4.89975549835,4.74204026082,5.79512025286e-18,2.09102077765e-19,2.26455181081e-19,0.240236641949,0.00383877925148,0.00396130973423
AWI0005yfu,J223445.16+375006.0,8739.56812654,183.739426689,198.461844405,None,None,None,6.47148949146e-11,1.12248807031e-12,1.09359704646e-12,172.412845783,2.47384464387,2.6389133597,1.45452406636e-16,1.32252693515e-17,1.43162212485e-17,0.00525766525101,0.000343796378031,0.00035768671317
AWI0000gjb,J224206.62-032824.4,11163.3113316,97.1802304249,106.323005609,None,None,None,2.49700758103e-10,2.575404131e-12,2.52237842568e-12,182.175531623,18.0238075207,17.639544408,3.31559986116e-17,1.07424630083e-17,1.82428890362e-17,3.79662898548e-05,3.92600341855e-06,4.24094725246e-06
AWI0000hog,J224414.01-090123.9,6300.0,None,None,3.5,None,None,2.65726834119e-10,1.09365713955e-12,1.10770082575e-12,169.565249131,7.68504561017,8.14088492372,7.21194648178e-17,1.59347642051e-17,1.87113944952e-17,0.000534578749087,4.59811990794e-05,4.48166659505e-05
AWI00023d1,J224836.29+624808.6,4100.0,None,None,2.5,None,None,8.24884808064e-11,3.12760591392e-13,3.07956425283e-13,514.743933499,3.39613155173,3.45863819914,1.61593005882e-17,4.11371110746e-19,4.09799383396e-19,0.589873604439,0.00809359884878,0.00812018869875
AWI0002opj,J224952.84+654925.9,3400.0,None,None,2.5,None,None,4.91521745959e-10,2.89921714339e-12,2.93178512736e-12,569.905267908,9.66785654511,9.40977116112,3.46852323646e-17,1.43223005543e-18,1.60655187849e-18,0.113362644695,0.00377907024656,0.00363566776069
AWI0000jcg,J230112.67-585821.9,6300.0,None,None,5.5,None,None,1.04892927877e-10,6.307900336e-13,6.13450560618e-13,456.725130698,9.21890061047,8.96353227373,5.31622350531e-18,3.2449298974e-19,3.44152966683e-19,0.0133373734076,0.000448848469409,0.000450515182633
AWI00062gs,J230533.05+145732.5,11588.0246972,100.29707758,106.54821342,None,None,None,2.86016864034e-10,2.72213986484e-12,2.58030577457e-12,160.189411831,24.9969419959,19.8948594485,7.23467098155e-17,2.91648607163e-17,8.43926591788e-17,3.28615716102e-05,3.85841108495e-06,5.14655847303e-06
AWI0005w41,J230817.21+511146.3,9400.79169196,66.4717863735,68.5580634206,None,None,None,1.94790592409e-10,1.67500114554e-12,1.64746769066e-12,261.734019512,22.5909006851,27.8063211033,5.37858806871e-18,1.82470716387e-18,2.47133826621e-18,8.5761595188e-05,7.97874487908e-06,8.16936941678e-06
AWI00062kw,J232421.82+061110.7,13972.8733471,160.041355256,166.53220913,None,None,None,1.90361228765e-10,2.11690514559e-12,2.08374616484e-12,151.34378412,10.8216971636,10.343930063,1.24999924458e-16,3.50747558049e-17,5.43139938444e-17,4.75195095403e-05,4.8306643263e-06,5.52678582522e-06
AWI0000ojv,J234708.47+153903.2,12460.9629594,177.499897608,177.092349705,None,None,None,1.10206668576e-10,1.64320267478e-12,1.60367329902e-12,713.528354172,36.4527769915,35.1036826227,9.11741397891e-19,9.10033366139e-20,1.11892714591e-19,0.000806029837029,7.02031454309e-05,7.14255038004e-05
AWI00019pi,J235135.40+631323.1,5700.0,None,None,3.0,None,None,1.07803598356e-10,3.15511435223e-13,3.3217622161e-13,890.880436885,25.281112632,25.9897844938,2.77561907827e-19,2.07224417427e-20,2.14616655117e-20,0.0142517707833,0.000738846805689,0.000774746532324
AWI0005ae4,J235449.26+742436.2,10249.3442728,85.7168543904,83.5012353335,None,None,None,3.67480074474e-10,3.47339791367e-12,3.63811528036e-12,171.65694739,43.2294494549,32.9359816638,4.40320100239e-17,2.17193436825e-17,1.10018074516e-16,2.69661244206e-05,3.6943312432e-06,4.89940335572e-06
AWI00062l3,J235537.71+081323.7,11388.5379936,104.547847536,111.136275339,None,None,None,2.85293950444e-10,3.1243487645e-12,3.08830198967e-12,267.981964149,28.7625615406,37.3739885652,8.33717189263e-18,3.24336889145e-18,4.59942890208e-18,3.17821510042e-05,3.99583900718e-06,4.12651432802e-06
AWI0003cp6,J235652.35+611338.1,6000.0,None,None,3.0,None,None,2.0878444506e-10,6.09627915269e-13,6.07693900936e-13,1020.18109932,26.5392691529,26.0080538115,8.40455774605e-19,4.66455709033e-20,4.94723813666e-20,0.0160988538127,0.00088403548856,0.00094069119781
AWI0002d1k,J235734.08+662553.7,5300.0,None,None,2.5,None,None,2.3169175841e-10,1.50062197562e-12,1.4706725322e-12,892.756894418,31.7356316856,32.9117130608,8.23786835826e-19,6.27145885504e-20,6.81164616341e-20,0.0123598029148,0.00100812471159,0.00110811599435
AWI0000o39,J235746.21+112827.6,11081.1635497,93.3452936145,96.7047478702,None,None,None,3.19945396715e-10,3.07726014136e-12,3.08859778469e-12,203.765222166,28.5880764257,26.9709505222,2.2930658826e-17,8.82146226268e-18,1.80809285066e-17,2.58299596541e-05,3.50141616528e-06,3.54306355373e-06