ZooniverseID,WISEID,Teff,Teff_err_low,Teff_err_high,logg,logg_err_low,logg_err_high,rdstar,rdstar_err_low,rdstar_err_high,Tdisk,Tdisk_err_low,Tdisk_err_high,xdisk,xdisk_err_low,xdisk_err_high,fir,fir_err_low,fir_err_high
AWI0005di7,J165204.85+145827.2,12079.95034,118.4092789,118.5548125,None,None,None,3.08E-10,3.22E-12,3.34E-12,265.6754344,28.51656493,33.43595172,9.99E-18,3.39E-18,4.94E-18,2.49E-05,3.34E-06,3.28E-06
AWI0005dyy,J154709.73+303356.0,12701.75744,136.1517721,134.0775817,None,None,None,1.60E-10,1.79E-12,1.81E-12,165.0900477,27.57687146,22.59199493,2.22E-17,9.74E-18,2.89E-17,2.53E-05,3.95E-06,5.11E-06
AWI0000o39,J235746.21+112827.6,11072.78561,92.57820955,96.15997271,None,None,None,3.20E-10,3.16E-12,3.13E-12,199.3240777,29.59650046,28.17479245,2.49E-17,9.98E-18,2.17E-17,2.59E-05,3.54E-06,3.75E-06
AWI0006207,J203711.08-650159.9,12467.60888,132.6848525,136.2379311,None,None,None,2.71E-10,3.28E-12,3.05E-12,273.4598969,27.47752849,35.51558014,8.31E-18,2.97E-18,3.84E-18,2.63E-05,3.21E-06,3.42E-06
AWI0005ae4,J235449.26+742436.2,10236.80853,87.02368303,84.79813301,None,None,None,3.68E-10,3.78E-12,3.68E-12,165.3972255,46.56322834,35.67387157,5.05E-17,2.68E-17,1.83E-16,2.70E-05,3.72E-06,6.16E-06
AWI00062h7,J002133.47-661816.6,11697.46506,112.5900108,112.4564346,None,None,None,2.14E-10,2.26E-12,2.34E-12,215.7384988,24.25590647,26.93378894,1.12E-17,4.15E-18,6.53E-18,2.83E-05,3.64E-06,3.68E-06
AWI0005yn2,J044717.93+054717.4,10841.49865,96.50782849,98.48236015,None,None,None,3.12E-10,3.13E-12,3.18E-12,189.2984498,24.57858268,22.04723111,3.25E-17,1.13E-17,2.37E-17,3.14E-05,3.58E-06,3.69E-06
AWI00062l3,J235537.71+081323.7,11393.91084,109.4314333,112.7442824,None,None,None,2.85E-10,3.26E-12,3.23E-12,267.4977342,28.62156908,37.30213413,8.43E-18,3.38E-18,4.69E-18,3.18E-05,4.10E-06,4.30E-06
AWI0005w29,J222412.79+484918.7,10221.56085,77.45821111,80.74932071,None,None,None,2.29E-10,2.21E-12,2.01E-12,165.5325195,50.11195042,34.1977724,2.26E-17,1.21E-17,1.06E-16,3.19E-05,5.82E-06,1.05E-05
AWI0005c01,J205143.50+730449.3,9374.257554,68.60005149,66.74572329,None,None,None,1.90E-10,1.52E-12,1.62E-12,190.4794335,53.79041702,49.31330708,6.41E-18,3.89E-18,1.93E-17,3.20E-05,7.58E-06,8.92E-06
AWI00062gs,J230533.05+145732.5,11596.44413,102.4751727,96.70325583,None,None,None,2.86E-10,2.51E-12,2.70E-12,161.8319172,25.84654433,19.80922923,6.99E-17,2.76E-17,8.37E-17,3.30E-05,3.85E-06,5.05E-06
AWI00062j7,J033709.08-294948.5,10657.29644,87.81175684,87.57263254,None,None,None,2.51E-10,2.35E-12,2.35E-12,236.4125395,24.41461976,27.57191781,8.54E-18,2.89E-18,4.28E-18,3.31E-05,4.10E-06,4.32E-06
AWI0005d5p,J180230.72+583738.4,9660.388268,69.65482982,79.07000104,None,None,None,3.50E-10,3.66E-12,3.31E-12,146.5595058,46.50260338,40.20921619,7.10E-17,4.38E-17,4.84E-16,3.36E-05,4.58E-06,1.98E-05
AWI0005zy4,J032504.59+105835.0,9492.277197,71.0828162,72.09579402,None,None,None,2.94E-10,2.66E-12,2.69E-12,181.1008223,48.56236788,38.5592269,2.09E-17,1.13E-17,5.69E-17,3.40E-05,6.73E-06,8.17E-06
AWI0005zz5,J040238.47-004803.7,11168.15316,82.58977921,80.84577592,None,None,None,2.81E-10,2.54E-12,2.54E-12,175.5621829,22.62121107,19.54277001,4.34E-17,1.55E-17,3.45E-17,3.41E-05,4.43E-06,4.34E-06
AWI0000uji,J151147.67+101259.8,10815.1662,103.8345436,102.2094864,None,None,None,2.97E-10,3.05E-12,3.19E-12,277.7570318,30.011495,36.24526613,7.30E-18,2.55E-18,3.54E-18,3.62E-05,4.61E-06,5.29E-06
AWI0000gjb,J224206.62-032824.4,11162.03556,104.5579098,102.4918878,None,None,None,2.50E-10,2.53E-12,2.54E-12,180.8168544,19.37666745,18.61519577,3.42E-17,1.15E-17,2.08E-17,3.82E-05,4.11E-06,4.20E-06
AWI0000tz1,J154030.20+370101.1,11397.64294,104.4744087,108.7690637,None,None,None,2.43E-10,2.62E-12,2.57E-12,188.0248252,16.35618319,15.96098608,3.13E-17,8.60E-18,1.37E-17,3.95E-05,3.20E-06,3.31E-06
AWI00019fp,J212952.96+525601.9,11174.75386,96.70089894,105.5478113,None,None,None,2.41E-10,2.47E-12,2.46E-12,247.3796683,21.38592952,24.41042436,9.53E-18,2.81E-18,3.78E-18,3.96E-05,4.08E-06,4.17E-06
AWI0005ym9,J035157.43+255955.4,9138.072126,50.0492538,47.41412624,None,None,None,2.64E-10,2.00E-12,1.96E-12,155.0786702,61.18880959,44.80958971,3.06E-17,2.07E-17,4.19E-16,4.02E-05,1.14E-05,3.15E-05
AWI000600b,J043521.12-081730.0,10812.31177,89.49865911,97.36780593,None,None,None,1.94E-10,1.93E-12,1.93E-12,181.008763,29.07447283,26.08580186,1.92E-17,8.76E-18,2.23E-17,4.08E-05,7.03E-06,7.98E-06
AWI00062iw,J032555.87-355515.1,10168.72137,82.28545709,83.93578937,None,None,None,4.05E-10,4.25E-12,4.26E-12,216.3465854,20.66493684,21.45917617,3.27E-17,9.08E-18,1.44E-17,4.11E-05,3.83E-06,4.15E-06
AWI00022y0,J211139.56+534446.4,11208.28143,96.83901408,99.98925761,None,None,None,2.58E-10,2.64E-12,2.55E-12,233.3577573,17.17615711,17.75029856,1.52E-17,3.65E-18,5.13E-18,4.31E-05,3.78E-06,3.84E-06
AWI000425z,J024755.37+553648.4,9481.253271,60.2339252,65.98057984,None,None,None,3.51E-10,3.00E-12,2.79E-12,126.965276,39.59958806,38.09743371,1.58E-16,1.12E-16,1.44E-15,4.31E-05,9.33E-06,5.12E-05
AWI000600n,J043852.53-081329.6,11846.92901,124.3739145,127.0058507,None,None,None,2.21E-10,2.61E-12,2.59E-12,267.4745587,21.19514351,25.22090823,8.18E-18,2.40E-18,3.14E-18,4.35E-05,3.68E-06,4.00E-06
AWI0005ylw,J033906.73+244209.8,11050.66646,78.90467844,85.93345419,None,None,None,2.63E-10,2.49E-12,2.45E-12,184.2225351,18.09100959,17.32400289,3.92E-17,1.24E-17,2.05E-17,4.38E-05,4.26E-06,4.63E-06
AWI0005brt,J182004.41+292653.3,11265.02708,94.37903405,98.76646424,None,None,None,1.66E-10,1.53E-12,1.50E-12,169.5854925,24.2987869,21.64043236,2.37E-17,1.02E-17,2.54E-17,4.54E-05,7.96E-06,9.22E-06
AWI0005w77,J023720.84+395345.8,14852.66258,180.247736,179.4188976,None,None,None,2.40E-10,2.62E-12,2.68E-12,274.1466611,11.14287923,12.80482788,2.26E-17,3.45E-18,3.84E-18,4.57E-05,1.97E-06,2.08E-06
AWI00062kw,J232421.82+061110.7,13988.67566,164.2032312,165.8152004,None,None,None,1.90E-10,2.07E-12,2.14E-12,152.3587331,11.10022393,10.57948708,1.22E-16,3.52E-17,5.41E-17,4.74E-05,4.68E-06,5.17E-06
AWI0005yo4,J051328.63-043910.6,8928.446709,47.36210926,50.88384266,None,None,None,2.73E-10,2.32E-12,2.17E-12,136.6553048,50.16328977,42.36484532,5.97E-17,4.19E-17,8.59E-16,4.78E-05,1.20E-05,6.26E-05
AWI0004ne5,J013525.89+560237.3,10168.85192,83.11684142,82.88227152,None,None,None,3.04E-10,3.14E-12,3.07E-12,201.4770513,18.2277289,17.60907874,2.92E-17,8.14E-18,1.29E-17,4.86E-05,4.53E-06,4.44E-06
AWI0005wcl,J045519.57+163712.9,10124.40706,79.69488044,81.71129268,None,None,None,2.84E-10,2.68E-12,2.68E-12,214.5114085,18.79207639,20.87868015,2.04E-17,6.59E-18,9.22E-18,5.12E-05,5.57E-06,5.61E-06
AWI0005f42,J135331.70-523004.9,9411.339881,72.73488086,72.55770884,None,None,None,1.91E-10,1.77E-12,1.73E-12,198.5200006,26.90963628,25.92929977,9.40E-18,3.81E-18,8.05E-18,5.15E-05,7.68E-06,8.10E-06
AWI0005ykd,J032448.99+283908.6,9543.529083,64.98045014,67.05009166,None,None,None,3.16E-10,2.70E-12,2.64E-12,122.9989993,36.9901044,34.19827159,1.84E-16,1.27E-16,1.59E-15,5.22E-05,1.16E-05,6.57E-05
AWI0005e72,J054259.80+445105.2,8823.003207,67.56034933,65.5917823,None,None,None,2.91E-10,2.90E-12,2.88E-12,252.8118073,33.28200033,43.47545415,6.47E-18,2.97E-18,4.65E-18,5.23E-05,9.05E-06,9.12E-06
AWI0006222,J210916.04-001405.6,9119.691227,55.84825466,56.63070963,None,None,None,4.21E-10,3.92E-12,4.00E-12,169.6145208,31.73717806,24.94729371,7.69E-17,3.13E-17,1.13E-16,5.40E-05,5.21E-06,6.52E-06
AWI0005zfw,J024430.00+280053.8,9137.23423,69.62625541,65.95686129,None,None,None,2.33E-10,2.08E-12,2.13E-12,193.5666807,28.57168161,29.72703244,1.44E-17,6.87E-18,1.42E-17,5.41E-05,1.01E-05,1.04E-05
AWI0000w9x,J144313.04+014928.7,11044.44109,96.81624163,101.9849356,None,None,None,2.35E-10,2.48E-12,2.37E-12,222.7310719,14.2657923,14.68424077,1.83E-17,4.15E-18,5.47E-18,5.47E-05,4.24E-06,4.36E-06
AWI0005da8,J112256.98-203731.7,8833.407929,60.66308318,60.98891495,None,None,None,3.02E-10,2.64E-12,2.84E-12,132.6645081,48.22322362,40.07165763,9.11E-17,6.32E-17,1.37E-15,5.48E-05,1.25E-05,8.37E-05
AWI0000xbv,J025926.83+593531.6,8007.092564,39.87543986,40.83685393,None,None,None,3.27E-10,2.79E-12,2.72E-12,165.8485348,54.13426419,39.20533688,2.94E-17,1.66E-17,1.68E-16,5.52E-05,1.10E-05,1.89E-05
AWI0005bps,J180533.55+182643.9,9799.360039,77.54774456,78.68808523,None,None,None,1.87E-10,1.72E-12,1.75E-12,223.4554858,25.14215854,32.72482245,7.25E-18,3.35E-18,5.06E-18,5.60E-05,8.49E-06,9.02E-06
AWI00062df,J043026.69-431245.6,11374.15539,98.71204725,102.3300483,None,None,None,2.24E-10,2.16E-12,2.23E-12,210.8381268,11.08995225,11.98007393,2.51E-17,5.03E-18,6.37E-18,5.93E-05,3.89E-06,4.05E-06
AWI0005yjp,J022515.75+370707.9,12087.83265,110.1565708,108.7677607,None,None,None,2.08E-10,1.77E-12,1.95E-12,207.6913845,11.67591308,12.69859862,3.02E-17,6.95E-18,8.36E-18,6.04E-05,4.38E-06,4.52E-06
AWI0005d7g,J205722.53+870157.8,9650.893885,74.47607637,75.81204894,None,None,None,2.71E-10,2.74E-12,2.86E-12,190.8066604,18.91632011,19.15191614,2.93E-17,9.71E-18,1.52E-17,6.06E-05,6.38E-06,6.83E-06
AWI0000phs,J215221.25-031028.9,12739.31199,136.203285,132.7894577,None,None,None,2.75E-10,2.92E-12,3.09E-12,190.6652324,7.643910114,7.887970315,9.38E-17,1.49E-17,1.73E-17,6.24E-05,3.14E-06,3.13E-06
AWI0000phh,J025614.05+040254.2,11301.27202,120.8617436,121.6637446,None,None,None,1.91E-10,2.15E-12,2.21E-12,214.5920895,14.73194933,16.81172258,1.79E-17,5.19E-18,6.77E-18,6.42E-05,5.86E-06,6.09E-06
AWI0005abf,J222753.27+704806.0,8981.157715,61.76404468,63.60710947,None,None,None,2.68E-10,2.43E-12,2.41E-12,159.8935198,26.50288445,20.7095784,4.62E-17,1.80E-17,5.85E-17,6.65E-05,6.15E-06,8.09E-06
AWI0005yn4,J045013.22+034100.3,8235.961191,52.05930335,52.34468367,None,None,None,3.31E-10,2.78E-12,2.96E-12,165.3344756,35.93771629,26.8395556,4.58E-17,2.16E-17,9.22E-17,6.99E-05,9.68E-06,1.38E-05
AWI0005abb,J222653.92+733429.0,12137.37266,112.725159,109.4484062,None,None,None,1.60E-10,1.42E-12,1.44E-12,249.0403868,13.25006331,15.49491806,1.03E-17,2.26E-18,2.81E-18,7.13E-05,4.51E-06,4.32E-06
AWI0005x9h,J114336.83-802900.5,8992.29585,53.45303263,56.91224571,None,None,None,4.52E-10,4.16E-12,4.17E-12,262.7630466,20.76366901,22.3372832,1.99E-17,4.38E-18,5.81E-18,7.14E-05,7.35E-06,7.97E-06
AWI0005ym7,J034921.76+242251.0,12065.51243,112.0957866,116.2468794,None,None,None,2.95E-10,2.93E-12,2.99E-12,211.8351701,8.034010152,8.035969429,6.80E-17,9.31E-18,1.14E-17,7.42E-05,3.40E-06,3.33E-06
AWI0005zx4,J014928.21+244048.7,9179.764784,70.43491468,70.38020392,None,None,None,1.95E-10,1.66E-12,1.76E-12,265.9525099,32.98159823,52.23485862,3.95E-18,2.06E-18,2.91E-18,7.44E-05,9.92E-06,1.06E-05
AWI00057qr,J164548.44-263858.1,10860.83995,100.9500672,106.6859075,None,None,None,2.76E-10,3.00E-12,2.95E-12,192.1201263,10.6115057,11.01217778,6.05E-17,1.29E-17,1.66E-17,7.78E-05,5.62E-06,5.30E-06
AWI00055sx,J010652.55+743754.5,10105.68082,84.5476382,80.01788907,None,None,None,1.64E-10,1.60E-12,1.63E-12,182.1785722,15.10480941,16.29197925,2.06E-17,7.01E-18,1.03E-17,8.12E-05,1.06E-05,1.06E-05
AWI0005w6c,J012650.26+454038.8,12442.07097,130.2058279,133.533474,None,None,None,1.83E-10,2.04E-12,1.93E-12,313.1601167,21.38158023,26.71737811,6.82E-18,1.73E-18,2.11E-18,8.23E-05,4.51E-06,5.00E-06
AWI0000bs0,J003140.76-014737.3,10319.10613,69.11619106,63.57622881,None,None,None,2.91E-10,2.38E-12,2.55E-12,201.6299005,11.00195895,11.08106562,4.96E-17,1.01E-17,1.28E-17,8.55E-05,5.90E-06,5.58E-06
AWI0005w41,J230817.21+511146.3,9406.191878,66.47907689,68.19513428,None,None,None,1.95E-10,1.68E-12,1.72E-12,262.8392899,22.65408318,29.40851263,5.35E-18,1.92E-18,2.39E-18,8.67E-05,8.44E-06,8.06E-06
AWI0005djv,J172007.53+354103.6,6800,None,None,5.5,None,None,3.21E-10,1.04E-12,1.01E-12,195.3310946,30.69965923,30.73896763,1.33E-17,6.06E-18,1.36E-17,8.86E-05,1.45E-05,1.58E-05
AWI00062aj,J020221.16+192323.6,9214.9936,71.15479865,70.24342557,None,None,None,1.86E-10,1.60E-12,1.64E-12,181.2888809,16.6430728,17.76549919,2.06E-17,7.68E-18,1.18E-17,8.93E-05,1.31E-05,1.37E-05
AWI00055xg,J053707.15+603636.4,9940.001354,80.04316983,78.42642322,None,None,None,1.74E-10,1.63E-12,1.68E-12,191.6602323,13.93273391,14.53669719,2.08E-17,6.20E-18,8.83E-18,9.48E-05,1.03E-05,1.07E-05
AWI0005yjn,J022317.32+381509.7,11299.462,75.53494216,79.75066286,None,None,None,2.54E-10,2.31E-12,2.21E-12,384.6378875,35.81470388,57.90736168,4.51E-18,1.52E-18,1.65E-18,9.51E-05,9.69E-06,1.56E-05
AWI0000psm,J215947.70-593411.9,8131.289854,50.60760415,51.42909042,None,None,None,2.49E-10,2.26E-12,2.22E-12,281.1674891,33.43679394,42.69180655,4.09E-18,1.75E-18,2.70E-18,9.58E-05,1.26E-05,1.35E-05
AWI00055xe,J053523.12+594548.1,8091.86027,31.15109032,31.77574138,None,None,None,2.63E-10,1.64E-12,1.72E-12,195.2339042,17.01740586,18.47448043,2.01E-17,6.42E-18,9.36E-18,9.92E-05,1.04E-05,1.06E-05
AWI0000y1k,J111714.49-594610.8,8051.282446,50.13832895,50.13488896,None,None,None,4.08E-10,3.81E-12,3.86E-12,196.9130176,16.29934011,15.61194917,5.84E-17,1.43E-17,2.24E-17,0.000126368,9.20E-06,9.37E-06
AWI0002dny,J114401.39-552327.0,8622.01333,65.61539524,67.97146615,None,None,None,1.66E-10,1.57E-12,1.58E-12,180.8229411,13.60572019,15.11609264,1.80E-17,5.74E-18,7.84E-18,0.000127222,1.56E-05,1.57E-05
AWI0002d6a,J033549.39+641324.7,8642.294867,48.4446745,46.21570312,None,None,None,2.05E-10,1.74E-12,1.74E-12,126.8091488,32.3789458,23.98301442,1.13E-16,6.42E-17,5.50E-16,0.000129487,2.54E-05,9.89E-05
AWI00056i5,J132026.77-491325.4,8218.532579,56.33057047,56.99275631,None,None,None,2.73E-10,2.58E-12,2.71E-12,173.3388056,15.09660669,13.40474088,4.87E-17,1.29E-17,2.24E-17,0.000129659,9.52E-06,9.64E-06
AWI0000mb7,J033337.91-072453.8,7360.509548,42.27483175,43.00089685,None,None,None,3.93E-10,3.57E-12,3.46E-12,191.3097436,16.69976914,15.87178286,4.74E-17,1.28E-17,2.02E-17,0.000140116,1.21E-05,1.23E-05
AWI0005zgy,J045245.95-062129.5,9280.137776,73.62282871,75.50261384,None,None,None,1.92E-10,1.93E-12,1.88E-12,161.8472747,11.53892217,11.19592843,5.63E-17,1.59E-17,2.42E-17,0.00014217,1.55E-05,1.59E-05
AWI0005z1i,J183504.55-661033.0,7760.532011,48.22764209,47.53745975,None,None,None,1.84E-10,1.51E-12,1.53E-12,136.453512,46.46187873,27.52170743,4.94E-17,2.99E-17,5.40E-16,0.000145772,3.82E-05,0.000167083
AWI00055vx,J040649.32+702738.0,8473.407136,53.89672207,52.59893338,None,None,None,1.87E-10,1.44E-12,1.52E-12,165.4128285,12.94576949,12.57557468,3.53E-17,1.11E-17,1.74E-17,0.000146303,1.80E-05,1.90E-05
AWI0005ylz,J034400.28+243324.6,8628.041861,45.77305473,46.06656582,None,None,None,2.39E-10,2.03E-12,1.91E-12,249.9083888,17.93701121,24.27371347,1.25E-17,4.08E-18,5.04E-18,0.000154882,1.26E-05,1.30E-05
AWI0005cwg,J111925.92-301922.9,12542.23886,134.6331005,140.8616198,None,None,None,1.51E-10,1.74E-12,1.71E-12,214.4519839,6.733191598,7.839373393,4.36E-17,7.09E-18,7.76E-18,0.000163087,9.01E-06,8.94E-06
AWI0005yjq,J023047.36+360701.7,9333.45094,70.28041073,68.71429694,None,None,None,2.37E-10,2.20E-12,2.24E-12,131.1116204,17.69444869,12.66929593,2.35E-16,8.75E-17,2.79E-16,0.000164048,1.97E-05,3.86E-05
AWI0005cyr,J144458.63-280251.9,5400,None,None,2.5,None,None,4.89E-10,1.87E-12,1.82E-12,154.3356942,53.9802944,37.15414431,5.51E-17,3.23E-17,4.69E-16,0.000166392,2.73E-05,9.99E-05
AWI0005f32,J134909.18-541342.3,6000,None,None,2.5,None,None,3.08E-10,1.18E-12,1.12E-12,138.6791696,48.09441836,31.75146507,5.48E-17,3.37E-17,5.87E-16,0.000174074,3.70E-05,0.000186185
AWI0005av7,J143944.28-402206.3,6300,None,None,3,None,None,2.60E-10,1.04E-12,1.06E-12,172.2834393,25.78401994,23.87727957,2.21E-17,1.04E-17,2.54E-17,0.000183966,3.44E-05,3.93E-05
AWI0005byy,J202222.87+730903.7,7638.927029,47.47282394,48.96610275,None,None,None,2.75E-10,2.62E-12,2.48E-12,174.4065422,9.842404,9.316110104,6.43E-17,1.25E-17,1.79E-17,0.000231265,1.35E-05,1.26E-05
AWI0005ymi,J041249.03+193219.2,6100,None,None,2.5,None,None,4.97E-10,1.78E-12,1.72E-12,175.8522724,14.81086297,13.74775146,8.35E-17,2.35E-17,3.71E-17,0.00023318,2.03E-05,2.03E-05
AWI0002mhd,J184305.97+071626.4,9219.537359,72.22390437,72.77775874,None,None,None,1.99E-10,1.88E-12,1.83E-12,172.7677565,7.120245405,7.437877804,7.53E-17,1.50E-17,1.80E-17,0.00023356,1.73E-05,1.89E-05
AWI0000ns8,J215739.35-083351.4,11259.42282,116.3485986,126.759704,None,None,None,2.93E-10,3.59E-12,3.44E-12,376.6609012,19.93713159,26.42237917,1.65E-17,2.97E-18,3.05E-18,0.000242522,1.39E-05,1.75E-05
AWI0005w6v,J021327.01+421923.3,8440.308677,66.81889657,68.40849458,None,None,None,1.51E-10,1.32E-12,1.31E-12,167.7972805,10.62053453,12.09579518,4.00E-17,1.27E-17,1.71E-17,0.000273008,3.80E-05,3.97E-05
AWI00062a8,J013756.15+211539.9,10401.6548,85.8700899,91.42707273,None,None,None,1.90E-10,1.79E-12,1.78E-12,151.6283178,4.702821273,4.576979418,2.19E-16,3.05E-17,3.77E-17,0.000273474,1.37E-05,1.39E-05
AWI0005w7o,J032429.84+341709.9,7369.963661,46.44094291,47.27787866,None,None,None,2.40E-10,2.04E-12,1.97E-12,195.946516,10.81149027,10.98856595,3.44E-17,7.99E-18,1.05E-17,0.000298523,2.52E-05,2.44E-05
AWI00062aa,J014113.00+163051.7,7617.456872,50.24324891,46.1797854,None,None,None,2.42E-10,1.88E-12,2.01E-12,165.6182118,8.770720188,8.314193332,7.86E-17,1.66E-17,2.26E-17,0.00030096,2.23E-05,2.33E-05
AWI00056ck,J121456.32-475654.6,7884.548691,48.95792693,50.36751637,None,None,None,2.73E-10,2.46E-12,2.48E-12,148.7692579,7.806364752,7.094086374,1.97E-16,3.85E-17,5.66E-17,0.000334801,1.84E-05,2.00E-05
AWI0005yiv,J005926.26+400918.2,9165.324013,51.66673986,58.48107437,None,None,None,2.78E-10,2.09E-12,2.07E-12,65.97787896,19.95096153,34.98319715,9.63E-15,9.32E-15,6.80E-13,0.000342344,0.000281514,0.005347642
AWI0005bow,J175911.27+135417.8,9609.552695,70.52521509,74.04819069,None,None,None,2.09E-10,1.82E-12,1.91E-12,345.3451029,17.23424508,20.21546095,1.03E-17,1.82E-18,1.97E-18,0.000394573,1.64E-05,1.99E-05
AWI00055sz,J011636.23+740136.6,9010.820974,88.63921596,98.91672377,None,None,None,3.60E-10,5.84E-12,5.30E-12,684.9057548,113.2328113,124.8143219,1.73E-18,4.50E-19,7.62E-19,0.000446418,0.000134914,0.00019895
AWI0006006,J043217.75-133511.5,9206.066319,80.95843195,92.05364977,None,None,None,1.23E-10,1.26E-12,1.19E-12,171.1670242,5.524841288,5.660594039,6.41E-17,1.10E-17,1.29E-17,0.00050323,3.79E-05,3.74E-05
AWI0004y3p,J203123.98+283625.0,9579.820057,76.66397162,81.543973,None,None,None,1.73E-10,1.73E-12,1.71E-12,339.3716842,14.40325338,17.57975683,9.59E-18,1.53E-18,1.61E-18,0.000507038,1.81E-05,2.00E-05
AWI0000hog,J224414.01-090123.9,6300,None,None,3.5,None,None,2.66E-10,1.11E-12,1.06E-12,169.5230149,8.02631379,7.729512307,7.17E-17,1.51E-17,1.91E-17,0.000530628,4.26E-05,4.47E-05
AWI0000tsh,J155009.26+403823.5,3900,None,None,2.5,None,None,4.17E-10,1.50E-12,1.56E-12,337.6578353,57.19456019,96.63280558,1.61E-18,8.68E-19,1.33E-18,0.000532401,0.000111219,0.000169605
AWI0005ymc,J040040.65+202447.8,8406.962509,45.6993325,43.68267658,None,None,None,2.54E-10,2.10E-12,2.18E-12,130.8295911,6.086170857,5.63145022,6.27E-16,1.22E-16,1.87E-16,0.00057395,3.70E-05,4.51E-05
AWI0002ozm,J041517.47+505124.0,8201.119939,63.00674067,62.26243885,None,None,None,1.77E-10,1.60E-12,1.54E-12,311.4140877,15.27601036,19.10805091,9.09E-18,1.80E-18,1.99E-18,0.000603859,2.16E-05,2.30E-05
AWI0005wd8,J051143.75+122012.5,5300,None,None,2.5,None,None,3.04E-10,1.44E-12,1.42E-12,214.819439,11.34932456,13.26672209,2.33E-17,5.89E-18,6.80E-18,0.000677783,5.81E-05,5.98E-05
AWI0005yor,J052007.77-055046.0,12925.91458,112.6024367,116.8523432,None,None,None,1.32E-10,1.30E-12,1.29E-12,194.6232013,2.396736599,2.440595053,2.31E-16,1.53E-17,1.61E-17,0.00067963,1.97E-05,1.90E-05
AWI0001ps3,J205207.92+484956.9,5200,None,None,2.5,None,None,2.98E-10,1.56E-12,1.46E-12,304.0959092,24.38877695,40.4877836,5.37E-18,1.91E-18,2.02E-18,0.00072085,5.78E-05,7.17E-05
AWI0005yk3,J030651.95+303136.8,7641.9086,45.46910443,45.41710648,None,None,None,4.67E-10,3.95E-12,4.11E-12,242.8468224,4.985913408,5.448461166,1.61E-16,1.35E-17,1.35E-17,0.000755745,1.95E-05,1.89E-05
AWI0000ojv,J234708.47+153903.2,12459.5781,176.3469824,184.9179623,None,None,None,1.10E-10,1.61E-12,1.58E-12,711.2262563,33.93531299,33.34763028,9.19E-19,8.77E-20,1.04E-19,0.000800864,6.58E-05,7.05E-05
AWI0005bwq,J192437.52+563454.9,4500,None,None,5.5,None,None,4.35E-10,1.65E-12,1.66E-12,89.19339337,30.98952869,41.62738562,9.97E-16,8.99E-16,4.77E-14,0.000818551,0.000446942,0.006280656
AWI0000c52,J025149.66-244328.9,4600,None,None,2.5,None,None,3.65E-10,1.70E-12,1.83E-12,210.8636803,10.09146016,10.19149108,2.63E-17,4.77E-18,5.80E-18,0.000870347,5.56E-05,5.53E-05
AWI0006235,J214241.32-013159.7,4500,None,None,2.5,None,None,4.04E-10,1.97E-12,2.03E-12,283.4189088,18.43739601,23.09883729,9.96E-18,2.51E-18,2.96E-18,0.000968224,7.27E-05,7.60E-05
AWI00055vo,J031738.10+731810.2,5300,None,None,2.5,None,None,2.29E-10,9.75E-13,9.49E-13,181.0822684,8.80278755,9.548433578,3.98E-17,9.56E-18,1.15E-17,0.00102569,9.52E-05,9.64E-05
AWI000437j,J110245.01-632940.4,6300,None,None,3,None,None,2.34E-10,9.27E-13,9.08E-13,84.61483538,21.08942645,23.47922052,1.77E-15,1.44E-15,2.10E-14,0.001050877,0.000529479,0.003247633
AWI00000om,J173129.67+601156.1,4100,None,None,2.5,None,None,3.20E-10,1.50E-12,1.52E-12,152.6875644,12.61189023,13.07682486,5.87E-17,1.84E-17,3.08E-17,0.001113703,0.00010507,0.000122062
AWI0002oe7,J214622.33+623151.8,8913.673115,79.89366476,82.51620121,None,None,None,1.16E-10,1.13E-12,1.08E-12,193.989191,3.574828815,3.981012892,6.99E-17,7.32E-18,7.64E-18,0.001155089,4.64E-05,5.11E-05
AWI0005we7,J052252.94+005557.8,8619.422088,99.36844852,101.5871876,None,None,None,9.44E-11,9.79E-13,1.01E-12,139.1589082,5.719866578,5.898127032,1.59E-16,3.35E-17,4.50E-17,0.00121509,0.000119425,0.000123622
AWI0005xvl,J190206.79-362142.1,8930.753331,71.2768841,70.865542,None,None,None,1.99E-10,1.98E-12,1.88E-12,162.3813617,2.452395382,2.42388884,4.38E-16,3.51E-17,3.79E-17,0.001215342,4.28E-05,4.46E-05
AWI0005zyr,J035007.87+095528.1,5900,None,None,2.5,None,None,4.49E-10,1.60E-12,1.75E-12,407.1491133,21.27670673,25.87933994,1.23E-17,1.96E-18,2.14E-18,0.001382296,9.21E-05,0.000116836
AWI0005wfn,J052859.70+032148.6,7586.206196,88.47041798,90.52339276,None,None,None,1.06E-10,1.17E-12,1.22E-12,154.9377051,4.267620207,4.49459561,9.86E-17,1.62E-17,1.86E-17,0.001533252,0.000120341,0.000128015
AWI00008jh,J015317.94-461421.9,3100,None,None,5.5,None,None,6.49E-10,3.40E-12,3.42E-12,372.5570367,46.40385585,60.66062818,3.33E-18,1.22E-18,1.76E-18,0.001665682,0.000269931,0.000362457
AWI0002ao1,J182614.45-013250.8,3700,None,None,4.5,None,None,5.93E-10,2.87E-12,3.07E-12,57.6910587,57.6910587,32.6864795,3.95E-15,3.95E-15,5.79E-13,0.001716527,0.001716527,0.039886796
AWI0005wcz,J050610.47+062929.2,6300,None,None,2.5,None,None,1.81E-10,8.05E-13,8.23E-13,244.9419304,6.43839041,6.772037348,3.00E-17,3.53E-18,3.82E-18,0.002080617,6.39E-05,6.76E-05
AWI0001a1v,J064151.08+100144.6,10192.06917,71.09061015,72.44603594,None,None,None,8.64E-11,8.15E-13,8.06E-13,231.9583972,4.589679354,4.952021806,5.97E-17,5.81E-18,6.18E-18,0.002143852,5.94E-05,6.01E-05
AWI0005w9s,J035958.81+312901.0,6300,None,None,2.5,None,None,1.59E-10,5.75E-13,6.14E-13,134.1355716,4.253852928,4.142895449,2.72E-16,4.48E-17,5.53E-17,0.002216288,0.000159861,0.00015851
AWI0005844,J171043.91-220016.7,6500,None,None,3.5,None,None,2.57E-10,9.76E-13,9.81E-13,198.8035978,3.352604553,3.526422061,1.69E-16,1.55E-17,1.65E-17,0.002244046,7.55E-05,8.03E-05
AWI0005f4c,J135518.84-533142.8,8386.294301,52.53295763,51.42414192,None,None,None,2.39E-10,1.86E-12,1.99E-12,222.3899385,2.636493726,2.675964726,2.64E-16,1.42E-17,1.47E-17,0.002289107,4.34E-05,4.40E-05
AWI0005igi,J172452.23-185133.5,6200,None,None,3,None,None,3.45E-10,1.26E-12,1.25E-12,90.28118284,16.57949135,13.99241019,6.25E-15,3.88E-15,2.55E-14,0.00237647,0.000776095,0.002936807
AWI0005yp1,J052104.79-102057.0,7130.110402,67.37301271,63.8936651,None,None,None,1.53E-10,1.46E-12,1.55E-12,249.5526382,6.113445861,6.206267636,3.87E-17,3.98E-18,4.62E-18,0.002486224,8.25E-05,8.37E-05
AWI00001l8,J173254.69+404312.3,6200,None,None,3.5,None,None,8.90E-11,3.63E-13,3.57E-13,148.5378601,5.789107385,6.109827163,6.44E-17,1.49E-17,1.85E-17,0.00268456,0.000304222,0.000310683
AWI0005n0p,J052746.74+174407.4,7000,None,None,5.5,None,None,1.21E-10,4.61E-13,4.87E-13,127.3830156,4.459998522,4.271877686,3.63E-16,6.61E-17,8.60E-17,0.002707231,0.000217955,0.000224725
AWI0005zv8,J212636.95+075307.6,6100,None,None,2.5,None,None,4.00E-10,1.62E-12,1.60E-12,266.4936626,3.756145473,3.87894284,1.50E-16,8.40E-18,8.90E-18,0.003415305,5.92E-05,6.35E-05
AWI0000qox,J020359.52+141132.3,3600,None,None,2.5,None,None,5.94E-10,2.89E-12,2.81E-12,415.4200528,28.42306886,36.61033771,6.89E-18,1.45E-18,1.58E-18,0.003465778,0.000314519,0.000432047
AWI00062m4,J004826.42+020753.0,4600,None,None,2.5,None,None,3.30E-10,1.66E-12,1.71E-12,206.9564604,4.434539138,4.807723373,9.84E-17,1.04E-17,1.12E-17,0.003698394,0.000138399,0.000137736
AWI0000v1z,J152954.11+234901.6,8575.985086,49.06735763,48.49802767,None,None,None,3.02E-10,2.14E-12,2.19E-12,45.50587847,11.93432074,28.19650417,4.41E-13,4.39E-13,7.67E-11,0.00410686,0.003999681,0.202124664
AWI00000lj,J162754.20+061441.3,3600,None,None,2.5,None,None,4.87E-10,1.83E-12,1.86E-12,381.9194529,24.16241368,30.98524942,7.99E-18,1.67E-18,1.77E-18,0.004276481,0.00032241,0.000421558
AWI0005b4j,J161808.54-224218.7,5500,None,None,2.5,None,None,2.55E-10,1.58E-12,1.50E-12,625.1429051,39.23365544,37.43680615,1.71E-18,2.18E-19,2.87E-19,0.00438634,0.000496899,0.000528113
AWI0005mry,J003412.66+540359.0,9680.122891,71.54001757,71.5865355,None,None,None,2.49E-10,2.41E-12,2.39E-12,45.63576258,10.77878498,22.46147328,5.63E-13,5.58E-13,4.61E-11,0.004475499,0.00427737,0.122667684
AWI0005wg8,J053020.90+004432.8,3400,None,None,2.5,None,None,5.12E-10,2.47E-12,2.53E-12,388.262382,24.10737441,28.61965783,7.31E-18,1.34E-18,1.61E-18,0.004757514,0.000357184,0.000470489
AWI0005yfu,J223445.16+375006.0,8745.16802,176.6396016,183.302404,None,None,None,6.47E-11,1.00E-12,1.06E-12,172.2740966,2.492876063,2.661095752,1.46E-16,1.36E-17,1.40E-17,0.005248883,0.000325661,0.000358058
AWI0000qxd,J152527.16+284914.6,4700,None,None,4.5,None,None,2.11E-10,9.55E-13,9.37E-13,549.8367758,28.28809664,28.23155265,1.31E-18,1.56E-19,1.88E-19,0.005507819,0.000467768,0.000527813
AWI0002mxe,J190638.88+203326.9,8622.593439,207.9382833,202.2433138,None,None,None,5.13E-11,8.83E-13,9.58E-13,144.8640368,2.614877518,2.551332597,1.97E-16,2.06E-17,2.41E-17,0.00598119,0.000448387,0.000508922
AWI0005dkx,J173832.90+425112.9,3300,None,None,2.5,None,None,5.90E-10,2.63E-12,2.42E-12,415.5435876,23.35162751,28.88037371,8.30E-18,1.42E-18,1.56E-18,0.006017251,0.000458259,0.000560156
AWI0005dhk,J164021.30+075004.8,3400,None,None,2.5,None,None,6.18E-10,2.38E-12,2.37E-12,452.4670777,37.34089845,58.60532147,8.73E-18,2.36E-18,2.34E-18,0.00715611,0.000768528,0.001414896
AWI0000tpu,J153716.27+331834.4,4600,None,None,2.5,None,None,1.62E-10,7.73E-13,7.87E-13,485.9512058,26.7436965,26.19216618,1.50E-18,1.98E-19,2.64E-19,0.007170436,0.000548072,0.000601808
AWI0000nfp,J002155.14-672715.9,4700,None,None,2.5,None,None,2.49E-10,1.16E-12,1.15E-12,509.3547963,20.51230324,21.15607324,3.45E-18,3.43E-19,4.10E-19,0.007664882,0.000490554,0.000543843
AWI0003lz9,J054330.38+251724.4,9106.937597,110.2666726,109.1134952,None,None,None,2.02E-10,3.19E-12,3.31E-12,1047.51557,26.51112927,27.03575462,2.05E-18,1.03E-19,1.05E-19,0.008804359,0.000476687,0.00048524
AWI0000hdq,J222222.91-531805.1,4800,None,None,5.5,None,None,1.37E-10,5.51E-13,5.53E-13,193.036765,3.530419531,3.741982818,6.79E-17,7.01E-18,7.63E-18,0.009428541,0.000365117,0.000393172
AWI0005xl0,J180841.59-591507.9,7586.594139,81.62473088,83.11683212,None,None,None,1.73E-10,2.49E-12,2.56E-12,790.0521335,18.33217775,17.9553424,2.53E-18,1.22E-19,1.40E-19,0.00994239,0.000451634,0.00048887
AWI0005d88,J083100.44+185806.0,8318.833692,49.33626538,50.19715786,None,None,None,3.41E-10,2.43E-12,2.55E-12,44.72589871,9.356073044,19.54601138,1.45E-12,1.44E-12,6.69E-11,0.01053735,0.010012335,0.182048104
AWI0000t35,J153456.23+335145.2,3800,None,None,2.5,None,None,2.12E-10,1.11E-12,1.11E-12,625.1616372,39.26007391,39.23895075,7.19E-19,9.67E-20,1.17E-19,0.011742903,0.001354204,0.001413542
AWI0000jvv,J003507.14+070625.0,3500,None,None,2.5,None,None,5.62E-10,2.47E-12,2.41E-12,367.581226,10.51149221,11.57125168,3.19E-17,3.02E-18,3.10E-18,0.012291354,0.000428312,0.000460465
AWI0002d1k,J235734.08+662553.7,5300,None,None,2.5,None,None,2.32E-10,1.51E-12,1.45E-12,892.501566,31.46904883,31.46542652,8.25E-19,6.09E-20,6.53E-20,0.012334349,0.00101002,0.001107675
AWI0006226,J211124.19-192737.9,3700,None,None,4,None,None,3.07E-10,1.50E-12,1.42E-12,374.3578458,15.36279592,16.28632581,1.11E-17,1.47E-18,1.70E-18,0.012344346,0.000503387,0.000552325
AWI0003lzu,J060325.99+172444.3,7226.289458,79.32331213,83.67439171,None,None,None,1.82E-10,3.03E-12,2.97E-12,1057.780041,29.29674645,32.69971887,9.49E-19,5.44E-20,5.75E-20,0.013153455,0.000848435,0.000881578
AWI0000jcg,J230112.67-585821.9,6300,None,None,5.5,None,None,1.05E-10,6.00E-13,6.28E-13,457.6040358,9.657935395,9.132031452,5.29E-18,3.16E-19,3.58E-19,0.013371889,0.000449382,0.00045687
AWI0005bew,J170737.21-062607.2,4700,None,None,5.5,None,None,3.38E-10,2.26E-12,2.33E-12,701.435783,23.81725437,24.83690381,3.12E-18,2.31E-19,2.51E-19,0.013585878,0.00100734,0.001084733
AWI00019pi,J235135.40+631323.1,5700,None,None,3,None,None,1.08E-10,3.24E-13,3.24E-13,890.4524572,24.34134972,24.60800052,2.78E-19,1.97E-20,2.05E-20,0.01423072,0.000740331,0.000762593
AWI00055xr,J054733.26+521144.5,6400,None,None,2.5,None,None,1.89E-10,8.72E-13,9.04E-13,898.3361727,20.34062462,21.33718843,1.43E-18,7.36E-20,7.47E-20,0.015510535,0.000781073,0.00083196
AWI0000us7,J142409.74+581826.3,3500,None,None,4,None,None,4.20E-10,2.82E-12,2.79E-12,777.2010606,52.56592895,52.9699958,1.13E-18,1.38E-19,1.71E-19,0.015548152,0.002282564,0.002504917
AWI0005gnp,J164540.79-310226.6,5800,None,None,2.5,None,None,2.35E-10,1.08E-12,1.15E-12,64.12121128,14.4254894,19.95712809,5.91E-14,5.38E-14,1.07E-12,0.015887442,0.01165454,0.093992586
AWI0003cp6,J235652.35+611338.1,6000,None,None,3,None,None,2.09E-10,6.18E-13,6.01E-13,1019.558599,26.80558174,26.53702896,8.41E-19,4.75E-20,4.99E-20,0.016085123,0.000904113,0.000881946
AWI00004c1,J161241.51+054140.8,3400,None,None,2.5,None,None,2.98E-10,1.23E-12,1.20E-12,853.6226592,63.09452721,60.19084442,3.74E-19,5.24E-20,6.89E-20,0.016692637,0.002426512,0.002637826
AWI0000wqx,J132217.71+623337.9,4600,None,None,2.5,None,None,2.17E-10,9.79E-13,1.01E-12,281.2637565,4.52640075,4.728180743,5.81E-17,3.69E-18,3.92E-18,0.017325808,0.000290839,0.00029234
AWI0000vag,J145820.26+150229.3,3900,None,None,2.5,None,None,6.99E-10,3.35E-12,3.25E-12,1234.649996,102.362328,105.3202556,8.53E-19,1.10E-19,1.29E-19,0.017486672,0.003425304,0.004163795
AWI000621a,J205241.67-531624.8,6300,None,None,3,None,None,4.83E-10,1.41E-12,1.40E-12,45.27966826,9.152604517,19.29675453,1.72E-12,1.70E-12,6.46E-11,0.019745325,0.018670434,0.287987504
AWI000028h,J165556.61+241554.0,4800,None,None,2.5,None,None,5.06E-11,1.94E-13,1.99E-13,484.5232422,11.49556673,11.66210308,6.11E-19,5.24E-20,5.73E-20,0.024731954,0.001002175,0.001007698
AWI00017os,J190901.24+110641.3,5200,None,None,5.5,None,None,2.57E-10,1.88E-12,1.85E-12,881.5937514,23.06571448,22.21461544,1.98E-18,1.07E-19,1.20E-19,0.024844979,0.001525505,0.00164039
AWI0005aeg,J013833.77+780834.3,6700,None,None,4.5,None,None,1.59E-10,1.20E-12,1.19E-12,1209.51909,25.08234709,26.28566944,6.00E-19,2.54E-20,2.66E-20,0.025244688,0.001448083,0.001578164
AWI00022vs,J210144.07+521717.6,4400,None,None,2.5,None,None,1.46E-10,4.81E-13,4.86E-13,227.5572294,3.394851988,3.418075963,8.66E-17,6.04E-18,6.80E-18,0.029118294,0.00060738,0.000627471
AWI0005ww1,J055804.52-141457.4,6200,None,None,2.5,None,None,5.76E-11,1.94E-13,1.95E-13,226.3224845,3.785613792,4.207034049,6.29E-17,5.70E-18,5.72E-18,0.033594606,0.000869542,0.00086156
AWI0002b6k,J185211.39+102422.6,3400,None,None,2.5,None,None,2.79E-10,1.79E-12,1.78E-12,784.3624239,34.57679896,33.63141553,9.61E-19,8.55E-20,9.83E-20,0.035005923,0.003296707,0.003297962
AWI0005wi7,J053431.70-035151.2,4200,None,None,2.5,None,None,1.56E-10,5.89E-13,5.77E-13,638.3958799,11.91207475,12.32580295,1.62E-18,9.32E-20,9.60E-20,0.035412159,0.001209712,0.001309328
AWI0002o7p,J204909.99+543431.2,3500,None,None,2.5,None,None,5.92E-10,4.28E-12,4.26E-12,1020.696724,48.60348719,52.93429937,2.25E-18,1.96E-19,2.11E-19,0.0464189,0.005310748,0.006279839
AWI0005wwi,J055924.43-145421.8,6200,None,None,4,None,None,5.41E-11,3.29E-13,3.45E-13,549.8682567,5.780239517,5.884793849,2.28E-18,9.23E-20,9.67E-20,0.048220174,0.001057856,0.001102015
AWI0005paa,J171307.83-532428.8,3500,None,None,2.5,None,None,5.74E-10,2.25E-12,2.36E-12,339.8631382,5.996992003,5.956236903,1.83E-16,1.09E-17,1.13E-17,0.049535687,0.001006893,0.001051388
AWI0005b52,J162039.60-263428.5,3400,None,None,4,None,None,1.69E-10,5.49E-13,5.53E-13,87.51961016,20.73231196,13.80974367,3.34E-15,2.14E-15,3.04E-14,0.051231774,0.018175956,0.123613919
AWI0000s7e,J103639.10+441425.8,5900,None,None,4.5,None,None,3.53E-11,1.19E-13,1.11E-13,146.2001354,2.790318935,2.871016558,1.78E-16,2.21E-17,2.39E-17,0.054000203,0.003172115,0.003273171
AWI00059aj,J180611.37+035840.5,3600,None,None,2.5,None,None,1.98E-10,8.73E-13,8.73E-13,608.4214856,10.61895157,10.00422747,2.92E-18,1.40E-19,1.59E-19,0.060549646,0.001897904,0.001867842
AWI0006228,J211412.49-015843.1,4100,None,None,5.5,None,None,5.07E-10,4.01E-12,4.14E-12,1265.1872,41.42388923,43.53649531,1.77E-18,9.64E-20,1.05E-19,0.062514285,0.005765221,0.00632064
AWI00059vy,J191845.28+371449.2,8340.506807,166.9691999,182.0096502,None,None,None,1.56E-10,5.51E-12,5.38E-12,1535.366138,26.3935875,25.81703976,1.39E-18,4.03E-20,4.26E-20,0.064983824,0.002591255,0.002551027
AWI0005bk4,J172944.28-061340.5,3400,None,None,2.5,None,None,3.11E-10,2.28E-12,2.22E-12,513.7948202,10.24398251,9.875819013,1.25E-17,6.44E-19,7.26E-19,0.067288322,0.002541879,0.002756337
AWI0005wdq,J051740.83+090514.5,3800,None,None,2.5,None,None,1.37E-10,7.81E-13,8.42E-13,504.2338571,8.980322568,8.426409713,4.48E-18,2.33E-19,2.61E-19,0.073930436,0.002108565,0.002283237
AWI0005wef,J052411.19+033521.5,3700,None,None,4,None,None,1.11E-10,5.97E-13,6.18E-13,516.3354147,9.358735633,9.144835131,2.50E-18,1.35E-19,1.55E-19,0.076915513,0.002391955,0.002390228
AWI0002o5q,J204109.10+521801.3,3400,None,None,2.5,None,None,3.16E-10,2.52E-12,2.46E-12,955.3699414,29.10453444,31.22740575,1.28E-18,8.34E-20,8.78E-20,0.080123855,0.005960681,0.006402049
AWI00062ic,J030854.20-185809.1,13305.41874,1048.325041,1409.97529,None,None,None,1.89E-10,2.33E-11,2.25E-11,4023.587462,193.2742933,208.3652603,3.80E-19,1.39E-20,1.36E-20,0.087132792,0.007584061,0.008190369
AWI00062mq,J011743.47-523330.8,6400,None,None,5.5,None,None,1.20E-10,7.07E-13,6.70E-13,435.8021097,3.535094263,3.509532459,5.99E-17,1.85E-18,1.92E-18,0.090047025,0.001631241,0.001607463
AWI0005wex,J052617.32+055817.1,5100,None,None,2.5,None,None,3.98E-11,2.39E-13,2.38E-13,413.2129171,4.970287121,4.576954781,3.50E-18,1.69E-19,1.76E-19,0.094941527,0.002230061,0.002241021
AWI0005ypo,J052556.05-021601.5,3600,None,None,4,None,None,9.78E-11,6.28E-13,5.88E-13,822.5555254,18.14942128,19.88286505,3.53E-19,2.43E-20,2.45E-20,0.100507099,0.003972436,0.004632641
AWI0005f5v,J140353.79-534628.3,8012.215517,40.20888951,44.75266624,None,None,None,2.82E-10,1.99E-12,1.78E-12,41.78287018,5.073973508,9.31239419,1.09E-11,1.03E-11,8.45E-11,0.100987636,0.087818775,0.426663292
AWI00043e8,J113252.86-652033.1,3400,None,None,2.5,None,None,5.01E-10,6.09E-12,5.68E-12,1459.915239,82.60049577,85.86998079,7.58E-19,6.34E-20,7.07E-20,0.102539045,0.015984182,0.018861808
AWI0005yrn,J053844.06-111411.1,5100,None,None,3,None,None,1.47E-10,8.15E-13,8.20E-13,455.9848337,5.083483418,4.618267115,3.51E-17,1.22E-18,1.34E-18,0.103058273,0.002022177,0.002025898
AWI0005zil,J055417.57-383951.1,4326.207589,154.4218019,172.5018258,None,None,None,9.77E-11,4.41E-12,4.34E-12,572.9788945,8.166288181,8.12782051,3.39E-18,1.35E-19,1.45E-19,0.109054673,0.005913116,0.00578185
AWI0002o9g,J210805.95+570209.1,3400,None,None,2.5,None,None,3.88E-10,5.31E-12,4.94E-12,1387.1339,75.59980022,76.94500438,6.09E-19,4.92E-20,5.68E-20,0.112006127,0.016812956,0.01969819
AWI0002lxl,J182032.53-022049.6,3400,None,None,2.5,None,None,4.31E-10,4.03E-12,4.05E-12,809.0567894,16.63375864,16.19101733,6.54E-18,3.04E-19,3.31E-19,0.112827345,0.005657342,0.00579758
AWI0002opj,J224952.84+654925.9,3400,None,None,2.5,None,None,4.92E-10,2.91E-12,2.86E-12,569.588672,9.414835778,9.032002975,3.48E-17,1.43E-18,1.48E-18,0.113237405,0.003832115,0.003693579
AWI0005b88,J163033.90-242806.5,3500,None,None,2.5,None,None,1.18E-10,7.21E-13,7.44E-13,648.5027849,9.869145362,9.954270389,1.40E-18,7.34E-20,7.77E-20,0.118038354,0.003412611,0.003454092
AWI0005dhx,J164837.40+351209.3,5600,None,None,4,None,None,1.31E-10,8.38E-13,8.24E-13,620.0800094,4.816631758,4.829319403,1.41E-17,3.45E-19,3.63E-19,0.122915271,0.002523137,0.002562413
AWI0005yp9,J052303.81-044043.7,4000,None,None,4,None,None,9.31E-11,5.76E-13,5.58E-13,634.1127492,7.976971079,7.450317051,1.77E-18,7.24E-20,7.79E-20,0.129193351,0.003232661,0.003342354
AWI0005wfv,J052945.11+021539.6,2500,None,None,4.5,None,None,2.96E-10,1.81E-12,1.79E-12,606.6732056,11.41365117,10.68373977,3.29E-18,1.68E-19,1.81E-19,0.130418293,0.00474618,0.004964009
AWI00005x2,J153910.61-154639.2,2500,None,None,4,None,None,2.34E-10,1.08E-12,1.09E-12,225.6791714,3.127854341,3.158345671,1.20E-16,7.98E-18,8.43E-18,0.145607913,0.003052294,0.003144061
AWI0005b80,J162932.66-254329.3,3000,None,None,5,None,None,2.09E-10,7.19E-13,7.34E-13,535.5699875,7.159175488,7.483955768,6.53E-18,2.82E-19,2.88E-19,0.151813121,0.003400331,0.003432811
AWI0005wnz,J053839.81-025646.2,3244.323756,11.98436018,326.0677273,None,None,None,1.58E-7,6.33E-11,1.96E-12,444.1200429,12.07690298,135.1630948,1.08E-17,5.42E-18,9.64E-19,0.151878555,0.006258137,0.270637693
AWI00025ny,J162418.65-431516.5,3400,None,None,2.5,None,None,6.14E-10,6.40E-12,5.74E-12,1261.398053,48.16090874,52.12022552,3.03E-18,2.10E-19,2.13E-19,0.152584117,0.015678327,0.017711122
AWI0005ypj,J052437.25-084201.9,5200,None,None,3,None,None,2.95E-10,1.40E-12,1.34E-12,167.8173121,0.938428516,0.995658515,1.25E-14,4.48E-16,4.47E-16,0.155101696,0.002745053,0.002866405
AWI0005wpr,J054006.72-061618.9,3800,None,None,4,None,None,1.51E-10,7.46E-13,7.34E-13,602.147517,7.044256391,6.935690347,5.60E-18,2.03E-19,2.21E-19,0.155752302,0.003463196,0.00340907
AWI0005yqi,J053047.99-073132.4,3600,None,None,2.5,None,None,8.45E-11,5.05E-13,4.96E-13,554.5566147,6.444999896,6.199968994,1.98E-18,8.08E-20,8.82E-20,0.15611168,0.003586512,0.00381529
AWI0005wnn,J053827.67-065453.6,3900,None,None,4,None,None,1.16E-10,4.19E-13,4.07E-13,520.8921857,5.940934101,5.786658727,6.62E-18,2.55E-19,2.73E-19,0.157720815,0.003025347,0.003057252
AWI0005wj7,J053525.11-064756.5,3500,None,None,2.5,None,None,1.38E-10,8.90E-13,8.75E-13,621.1933091,7.21328875,7.678168503,3.23E-18,1.29E-19,1.32E-19,0.169459131,0.004412113,0.004484097
AWI0005wku,J053628.55+000445.6,5200,None,None,2.5,None,None,1.00E-10,5.75E-13,5.86E-13,593.5307149,4.879730439,4.808454224,1.00E-17,2.88E-19,3.00E-19,0.169907562,0.003071191,0.003288977
AWI0002b3p,J184748.57+080147.3,3400,None,None,2.5,None,None,3.57E-10,4.26E-12,3.97E-12,1288.043226,44.4707022,49.43023388,1.05E-18,6.87E-20,7.33E-20,0.170277877,0.015502972,0.019007252
AWI0005wee,J052408.04+022746.9,7183.059262,99.63594141,100.9915529,None,None,None,1.53E-10,3.10E-12,3.02E-12,766.2052211,8.75511156,8.837343317,3.08E-17,1.04E-18,1.05E-18,0.17162805,0.004666388,0.004653836
AWI0005wbq,J043630.82+184215.2,5500,None,None,4.5,None,None,2.37E-10,1.25E-12,1.24E-12,483.0122141,3.359003749,3.270013936,1.65E-16,4.31E-18,4.64E-18,0.175292201,0.002650129,0.002780276
AWI0005web,J052331.01-010423.6,5400,None,None,4.5,None,None,2.13E-10,1.35E-12,1.38E-12,669.3552384,6.708420806,6.700972814,3.39E-17,1.14E-18,1.18E-18,0.175554814,0.003445871,0.003638953
AWI00005ko,J165920.60+131219.3,4100,None,None,2.5,None,None,5.13E-11,1.95E-13,1.82E-13,854.4242584,13.30782426,14.24812277,2.51E-19,1.39E-20,1.45E-20,0.180474154,0.004054453,0.004250807
AWI0005wgs,J053225.66-034313.6,4200,None,None,4.5,None,None,6.67E-11,1.95E-13,1.98E-13,614.2258275,7.298473713,6.791848019,1.87E-18,8.27E-20,8.98E-20,0.192402679,0.003138933,0.003289504
AWI0005wvr,J055720.57-134921.9,4300,None,None,5.5,None,None,1.36E-10,5.39E-13,5.25E-13,716.056215,7.589396904,7.758821147,4.92E-18,1.70E-19,1.74E-19,0.20541509,0.003780853,0.003784255
AWI0002apf,J182750.65-022407.4,3600,None,None,2.5,None,None,5.35E-10,8.98E-12,8.14E-12,1512.816807,52.71221293,55.84883399,2.03E-18,1.06E-19,1.15E-19,0.221683434,0.024812458,0.030436876
AWI000621k,J205911.24-595822.3,4300,None,None,2.5,None,None,1.52E-10,4.42E-13,4.22E-13,565.7394474,4.190643658,4.314301918,1.72E-17,4.56E-19,4.52E-19,0.222748643,0.003025708,0.003164086
AWI0002dmo,J113505.30-554840.3,4500,None,None,5.5,None,None,3.21E-10,2.04E-12,2.02E-12,446.5449227,3.003102583,3.073710721,2.50E-16,5.62E-18,5.72E-18,0.235160715,0.004107463,0.004289988
AWI0005wgp,J053224.00-050523.4,3600,None,None,5.5,None,None,1.34E-10,4.45E-13,4.16E-13,742.918525,9.617736065,9.475879609,2.32E-18,9.09E-20,9.38E-20,0.235336254,0.004956659,0.004870716
AWI0000b9g,J023115.97-094845.9,3600,None,None,4,None,None,2.20E-11,1.31E-13,1.30E-13,376.1395016,7.199819102,7.030533832,9.67E-19,9.11E-20,1.00E-19,0.238000354,0.009752162,0.010026883
AWI0005ylv,J033900.56+294145.6,6100,None,None,2.5,None,None,1.58E-10,1.03E-12,9.49E-13,485.2061408,3.307972574,3.262897934,1.50E-16,4.21E-18,4.31E-18,0.239235301,0.003963641,0.003955632
AWI0002cu6,J222906.46+631045.9,4000,None,None,2.5,None,None,8.97E-11,3.42E-13,3.42E-13,540.3728444,4.76213043,4.880345863,5.79E-18,2.04E-19,2.23E-19,0.239936428,0.0038146,0.003969941
AWI000622o,J212547.34-022251.3,4300,None,None,2.5,None,None,1.23E-10,4.41E-13,4.19E-13,352.4508002,2.784545061,2.606187274,9.44E-17,2.78E-18,2.93E-18,0.281199638,0.003700585,0.003794567
AWI0005wmu,J053805.25-011521.6,7000,None,None,5.5,None,None,1.48E-10,4.67E-13,4.62E-13,928.1028053,13.44109535,14.3835226,2.02E-17,8.49E-19,8.39E-19,0.285122603,0.006660908,0.006658149
AWI0005b5k,J162224.95-232955.1,3000,None,None,2.5,None,None,2.01E-10,7.32E-13,7.30E-13,622.8848598,6.791825287,7.163270728,6.47E-18,2.64E-19,2.54E-19,0.297787869,0.005892762,0.005576795
AWI000621m,J205952.30-153218.5,2500,None,None,4,None,None,2.80E-10,2.42E-12,2.28E-12,1003.617292,18.72577436,19.21037145,9.56E-19,4.31E-20,4.48E-20,0.316016723,0.015588996,0.016000428
AWI0002001,J182717.07-041838.0,3400,None,None,2.5,None,None,1.58E-10,1.01E-12,9.79E-13,719.150713,7.819567018,7.916938989,4.05E-18,1.40E-19,1.43E-19,0.32636269,0.007891586,0.008043027
AWI0005ypv,J052653.64-100458.1,3400,None,None,4,None,None,1.23E-10,6.78E-13,6.75E-13,539.5739217,4.866604343,5.089507863,7.80E-18,2.74E-19,2.58E-19,0.328831884,0.006431607,0.006305634
AWI0005zh6,J050206.31-085046.6,3500,None,None,3.5,None,None,1.62E-10,6.41E-13,6.83E-13,627.2630875,5.926647473,6.063675727,8.91E-18,2.96E-19,2.91E-19,0.348842451,0.006260336,0.006134217
AWI0005aap,J221513.24+711142.2,4300,None,None,5.5,None,None,9.13E-11,3.45E-13,3.32E-13,467.0219392,3.027625144,2.848680473,2.12E-17,5.15E-19,5.34E-19,0.35442293,0.004883476,0.004826783
AWI0005yrp,J054011.76-094211.1,5300,None,None,5,None,None,1.51E-10,1.01E-12,1.04E-12,557.9614309,4.25997459,4.19571512,6.79E-17,1.83E-18,1.94E-18,0.365500541,0.006513592,0.006670529
AWI00021py,J192343.53+230856.7,3500,None,None,2.5,None,None,1.32E-10,4.94E-13,4.89E-13,817.786332,10.97493986,11.48948325,2.23E-18,9.58E-20,9.84E-20,0.384422492,0.008088549,0.008512077
AWI0005wsf,J054214.29-075835.1,3700,None,None,3,None,None,1.22E-10,4.49E-13,4.45E-13,658.6793924,6.255921087,6.321712187,6.44E-18,2.10E-19,2.16E-19,0.435667004,0.006883059,0.007033785
AWI0005bjo,J172734.02-020656.8,3900,None,None,5,None,None,6.67E-11,2.74E-13,2.73E-13,714.0595515,6.888876951,6.689303319,1.73E-18,5.96E-20,6.02E-20,0.436217253,0.007917714,0.007490112
AWI0005ag4,J062612.83+473232.1,6200,None,None,5,None,None,9.83E-11,5.68E-13,5.40E-13,652.4482078,4.649693467,4.575507332,3.58E-17,8.73E-19,8.78E-19,0.454122308,0.007481768,0.007746816
AWI0005wox,J053926.39-021503.3,3900,None,None,4.5,None,None,9.13E-11,3.35E-13,3.54E-13,556.6097242,4.2598739,4.147098022,9.25E-18,2.72E-19,2.83E-19,0.4597449,0.006650777,0.006820422
AWI0002m6v,J182955.33+004939.0,3300,None,None,2.5,None,None,2.50E-10,1.63E-12,1.70E-12,193.6222973,1.548709042,1.607781794,2.44E-15,1.09E-16,1.13E-16,0.461237912,0.010049311,0.0099835
AWI0002coc,J213519.16+573638.1,4600,None,None,4,None,None,8.35E-11,3.42E-13,3.51E-13,455.7057004,3.080344193,2.996191422,3.53E-17,9.29E-19,9.40E-19,0.488096604,0.006347911,0.006602814
AWI0001q3p,J214537.00+570201.1,3400,None,None,2.5,None,None,1.54E-10,6.99E-13,7.21E-13,673.8604839,5.426578899,5.379151903,7.82E-18,2.01E-19,2.06E-19,0.507750397,0.00837921,0.008364668
AWI0005zhi,J050730.59-061059.9,3500,None,None,2.5,None,None,2.51E-10,2.00E-12,2.06E-12,842.4513766,9.694655916,10.37437922,9.64E-18,3.18E-19,3.19E-19,0.514808185,0.014948895,0.016024006
AWI0005wdi,J051604.02+061852.6,3500,None,None,2.5,None,None,1.33E-10,8.67E-13,8.91E-13,795.189208,7.36444831,7.939011889,3.88E-18,1.17E-19,1.18E-19,0.585968401,0.013863216,0.013603731
AWI00023d1,J224836.29+624808.6,4100,None,None,2.5,None,None,8.25E-11,3.19E-13,3.29E-13,514.8523746,3.561516841,3.29802921,1.61E-17,3.87E-19,4.40E-19,0.589676538,0.007922235,0.00780036
AWI0002360,J220614.20+600204.6,4200,None,None,2.5,None,None,6.39E-11,2.70E-13,2.72E-13,669.9905448,4.373450663,4.500193413,4.52E-18,1.13E-19,1.08E-19,0.717721635,0.010119174,0.010398728
AWI0005wsk,J054227.76-100151.2,3900,None,None,3,None,None,1.95E-10,9.15E-13,9.23E-13,497.7543654,4.344170092,4.116412113,1.10E-16,3.17E-18,3.32E-18,0.766769812,0.010971003,0.011910624
AWI0002lxd,J182016.88-031207.4,3400,None,None,2.5,None,None,3.49E-10,1.12E-11,1.12E-11,1897.154537,45.0897585,43.63656644,9.74E-19,2.72E-20,3.00E-20,0.775475493,0.100417855,0.108787809
AWI0000xcq,J033421.19+564343.6,4000,None,None,5.5,None,None,9.29E-11,3.27E-13,3.17E-13,749.2956437,8.481272999,8.557218784,6.07E-18,2.38E-19,2.46E-19,0.866041935,0.013487747,0.01331318
AWI0002m9o,J183311.41+025439.0,3400,None,None,2.5,None,None,3.17E-10,3.23E-12,3.79E-12,1141.77745,10.89578491,10.015058,7.45E-18,1.52E-19,1.69E-19,0.943227761,0.039068396,0.034508598
AWI0005wjy,J053552.02-061001.6,2900,None,None,5.5,None,None,4.17E-10,1.29E-12,1.27E-12,467.9193473,2.813669841,2.974881,2.56E-16,6.52E-18,6.46E-18,0.997937276,0.002876771,0.001550393
AWI0000zqw,J032847.84+575556.1,4400,None,None,5.5,None,None,5.75E-11,1.24E-14,1.09E-14,190.7721183,0.039100783,0.04441926,2.02E-15,4.00E-19,4.74E-19,2.157627632,0.002251718,0.002395473
,,,,,,,,,,,,,,,,,2.49E-05,,
