Name,WISE_ID,RA,DEC
AWI0004efi,J000011.57+575220.6,0.048305407,57.87238852
AWI0006369,J000023.65+515622.1,0.098587,51.93949
AWI0001qlx,J000136.61+654950.3,0.4025419,65.8306433
AWI00055s3,J000139.68+733642.4,0.415543694,73.61179604
AWI0004efm,J000432.31+580853.9,1.1346736,58.1483075
AWI0002d22,J000514.00+674823.5,1.3083722,67.806544
AWI0004nbm,J000547.33+564247.2,1.447235758,56.71312258
AWI0002d26,J000601.15+692939.2,1.5048606,69.4942406
AWI0001qm6,J000641.00+653515.5,1.6707446,65.58768326
AWI0001qm9,J000755.98+653400.1,1.9832342,65.5666972
AWI0003lr1,J001037.33+593919.8,2.655445,59.65603
AWI00019qn,J001425.91+650401.7,3.607962,65.06716
AWI000635x,J001557.01+521251.2,3.987543,52.21425
AWI0001qmq,J001658.97+655447.4,4.2457434,65.9131926
AWI0004eg1,J001726.07+575302.8,4.35864173,57.88412631
AWI0005mrh,J001948.92+540327.5,4.953834,54.057716
AWI0005zwa,J002024.40+305608.1,5.1017442,30.9356008
AWI0003ls0,J002035.52+595139.3,5.1480328,59.8609444
AWI0005mrk,J002056.08+525120.9,5.2336927,52.8558153
AWI00062h7,J002133.47-661816.6,5.3894788,-66.3046344
AWI0002v9h,J002242.10+611223.2,5.6754547,61.2064676
AWI0003lsa,J002317.87+601408.2,5.824469428,60.23559316
AWI0005w5e,J002744.86+473352.5,6.936938005,47.56461563
AWI00019rf,J002901.68+652748.5,7.2570252,65.4635014
AWI00019rj,J003020.91+644724.9,7.5872494,64.7902607
AWI00019rr,J003047.86+652122.0,7.6994264,65.3561064
AWI0000bs0,J003140.76-014737.3,7.919871346,-1.793721604
AWI000422s,J003201.27+592115.1,8.005714,59.354346
AWI0000x90,J003506.54+633129.6,8.7772869,63.5249033
AWI000422v,J003542.71+585919.3,8.9279722,58.9886892
AWI0006358,J003544.55+513755.6,8.9356586,51.6321097
AWI0005dzs,J004025.60+704229.4,10.106706,70.708255
AWI00023l4,J004133.61+665258.8,10.39004,66.883
AWI0005ms8,J004440.17+542825.6,11.16739122,54.47377056
AWI0000aoe,J005008.72-022322.0,12.53634489,-2.38945931
AWI0000znp,J005159.49+640010.0,12.99788076,64.00279816
AWI0003cr7,J005619.36+611650.6,14.08068264,61.28072219
AWI0005yiv,J005926.26+400918.2,14.85946183,40.15503145
AWI0005w5x,J005927.64+465028.3,14.865144,46.841233
AWI0005e06,J010021.84+711424.3,15.09103,71.24011
AWI000634q,J010424.00+514858.8,16.10004,51.81635
AWI000634k,J010951.80+490313.6,17.4658229,49.0537942
AWI0005w65,J011415.74+441057.8,18.56559636,44.18275718
AWI0002vas,J012153.14+612529.1,20.4714175,61.4247731
AWI0005w6c,J012650.26+454038.8,21.709419,45.677402
AWI0004245,J012653.84+584508.7,21.7274787,58.75503164
AWI00019tm,J012734.41+650618.5,21.89194668,65.10656932
AWI0000x9q,J012954.44+630332.3,22.4768436,63.058987
AWI0005yj7,J013222.86+401520.3,23.09525,40.25565
AWI00062mz,J013332.54-475943.7,23.38506912,-47.99536639
AWI0004ne5,J013525.89+560237.3,23.8578618,56.0437025
AWI00062a8,J013756.15+211539.9,24.48396862,21.26108698
AWI0004ne6,J013819.03+562325.0,24.5792926,56.3902981
AWI00019tu,J013829.26+650258.1,24.621917,65.0494742
AWI0005mth,J013917.35+543601.8,24.82226267,54.60049857 
AWI0004ne7,J013930.27+570935.7,24.87618089,57.15991932
AWI0005aeh,J014031.54+812547.3,25.13149724,81.42981612
AWI0005mti,J014035.16+545631.3,25.14652,54.94203
AWI0005e0y,J014048.97+722346.2,25.2040783,72.396174
AWI00062aa,J014113.00+163051.7,25.3042143,16.51438658
AWI00062n5,J014202.95-410705.0,25.51232043,-41.11810993
AWI000424d,J014222.71+581709.0,25.59468479,58.28583692
AWI000634b,J014922.31+493422.9,27.34298,49.57305
AWI0005zx4,J014928.21+244048.7,27.36757245,24.68018578
AWI00008jh,J015317.94-461421.9,28.32480265,-46.23945312
AWI0004ehf,J015410.30+573624.9,28.5429348,57.6069296
AWI0002d4o,J015433.84+672954.5,28.6410531,67.4984653
AWI0004yhv,J015738.21+622231.1,29.4092312,62.375327
AWI000424k,J015819.96+575203.0,29.58322759,57.86751855
AWI0002vbd,J020206.67+601741.4,30.52781658,60.29484543 
AWI00062aj,J020221.16+192323.6,30.5882107,19.38990087
AWI000424m,J020335.31+575840.4,30.8971672,57.9778978
AWI0000zi8,J021307.20+625719.1,33.2799939,62.9552975
AWI0005w6v,J021327.01+421923.3,33.362606,42.3231361
AWI0005mub,J021432.97+530324.3,33.63743751,53.05675946
AWI000424z,J021447.05+574157.2,33.6960994,57.6992131
AWI0003cs7,J021532.17+591424.4,33.88417679,59.24010641
AWI0001qp3,J022012.80+642013.1,35.05337,64.33699
AWI0000xan,J022240.64+613248.6,35.66933457,61.54683202
AWI0005w72,J022325.66+433658.2,35.85692761,43.61618633
AWI0004yi8,J022430.65+611006.1,36.1277189,61.1683766
AWI000633y,J022734.62+481354.5,36.894196,48.231827
AWI00055u5,J022909.47+721035.6,37.28956134,72.17657021
AWI0005zft,J023007.33+332423.1,37.53060005,33.40639486
AWI0005yjq,J023047.36+360701.7,37.69735815,36.11714313
AWI0005zxc,J023223.02+222002.6,38.09600055,22.33406904
AWI00055us,J023223.71+723952.6,38.09886199,72.66448237
AWI0003lv6,J023501.37+573219.8,38.756019,57.538668
AWI0005w77,J023720.84+395345.8,39.336663,39.896026
AWI00019v2,J023903.59+623431.7,39.76508839,62.57544337
AWI0005muq,J024020.94+493336.7,40.08730016,49.56021884
AWI00019v7,J024405.35+621448.6,41.0223211,62.2468428
AWI0005zfw,J024430.00+280053.8,41.12510668,28.01489687
AWI0005yjv,J024442.79+342743.3,41.178327,34.462055
AWI0003lvf,J024548.07+565410.5,41.4503206,56.9029258
AWI0005e2h,J024720.35+690824.4,41.83482688,69.14011615
AWI0000zpe,J024748.60+605750.4,41.95253594,60.96403076
AWI0005e2m,J024755.29+692548.1,41.9803855,69.4300329
AWI0005zxg,J024820.03+200036.6,42.08347804,20.01017293
AWI0005e2q,J024956.32+692224.0,42.48470348,69.37334004
AWI0005e2r,J025048.69+691530.0,42.70291,69.25834
AWI0000haj,J025112.90-455939.3,42.803693,-45.99429
AWI0002d5e,J025218.60+661539.2,43.0775195,66.2608943
AWI0002d5g,J025537.08+664751.7,43.9045048,66.7977033
AWI0003lvn,J025607.14+563634.1,44.0298089,56.6094936
AWI00019vp,J025947.05+614915.2,44.94588,61.82091
AWI0005e37,J030016.69+693007.1,45.06976435,69.50193985
AWI0005e37,J030016.69+693007.1,45.06976435,69.50193985 
AWI00019vq,J030039.85+613950.8,45.1660555,61.6641379
AWI0001qpq,J030134.44+622815.0,45.3935103,62.4708708
AWI0003lvq,J030209.78+554517.2,45.540738,55.754787
AWI0001qpt,J030312.90+622019.4,45.803875,62.338735
AWI0005yk2,J030420.71+352410.8,46.08632684,35.40300741
AWI0005w7g,J030626.85+385259.9,46.611826,38.883309
AWI00062b2,J030637.66-604119.0,46.65699414,-60.68860996
AWI0005yk3,J030651.95+303136.8,46.71648843,30.52684559
AWI00062ic,J030854.20-185809.1,47.22586192,-18.9692005
AWI00062b6,J031248.58+024141.9,48.20244031,2.694991768
AWI0004nfl,J031356.60+514407.8,48.4858382,51.7355064
AWI0000pvn,J031601.05-663411.1,49.00438018,-66.56977873 
AWI0000zjo,J031849.68+593351.5,49.70686403,59.56430046
AWI0005w7k,J031942.88+364101.3,49.92873104,36.68370718
AWI0000zqm,J032053.35+584939.5,50.222317,58.82766721
AWI00019wg,J032110.92+600020.7,50.2955278,60.0057697
AWI0005zy1,J032322.56-850349.3,50.8441044,-85.06372437
AWI0005w7o,J032429.84+341709.9,51.12441376,34.28607029
AWI0005ykd,J032448.99+283908.6,51.20420351,28.65230178
AWI0005zy4,J032504.59+105835.0,51.26919811,10.97637387
AWI0002vcf,J032528.86+545918.5,51.37030243,54.98847719
AWI00062iw,J032555.87-355515.1,51.48286411,-35.92090467
AWI0005ykn,J032557.49+273436.3,51.4896205,27.57674081
AWI0000zqu,J032748.97+581216.3,51.95407441,58.2045384
AWI00019wk,J032758.50+585834.0,51.9937669,58.9761378
AWI0005ykq,J032800.10+300846.8,52.0004297,30.1463568
AWI0000zjw,J032814.60+582937.4,52.0608352,58.4937358
AWI0004nfu,J032853.67+490412.8,52.2236502,49.0702244
AWI0005yle,J033052.52+305417.6,52.7188734,30.9049136
AWI0005ylh,J033118.31+304939.4,52.8263111,30.8275847
AWI0005ylm,J033233.01+310221.5,53.1375454,31.0393233
AWI0005ylo,J033241.70+311045.6,53.1737643,31.1793536
AWI00062bl,J033337.91-072453.8,53.40796767,-7.414972048
AWI0000xcp,J033359.90+564753.9,53.49965078,56.79830215
AWI0002vcl,J033404.49+543023.5,53.5187169,54.5065397
AWI0005w7t,J033449.86+311550.0,53.70787978,31.26374973
AWI0000zka,J033540.00+575835.6,53.9167261,57.9765836
AWI0002d6a,J033549.39+641324.7,53.95589266,64.22351993
AWI0000zr4,J033611.47+573519.5,54.0478284,57.5887728
AWI0004yk2,J033700.75+554907.5,54.25320047,55.81877471
AWI0005w7w,J033703.64+303929.0,54.26516833,30.65804449
AWI00062j7,J033709.08-294948.5,54.28785774,-29.83019834
AWI0005mw8,J033822.70+444801.6,54.59469469,44.80039989
AWI0005zyg,J033855.10+024548.2,54.72961,2.763398
AWI0005ylw,J033906.73+244209.8,54.7780795,24.7027334
AWI0005w84,J034102.75+344111.7,55.26148577,34.68659165
AWI0005w85,J034109.14+314437.8,55.2880974,31.7438437
AWI00062br,J034143.91-051429.4,55.43301353,-5.241532736
AWI00034t6,J034236.67+535339.3,55.6528431,53.8942247
AWI0005mwb,J034303.39+435525.9,55.7641582,43.9238428
AWI0002oz0,J034421.86+543100.4,56.0911204,54.5167845
AWI0005w9a,J034525.14+320930.2,56.354773,32.1584155
AWI0005w9d,J034542.58+344631.9,56.42744775,34.77552811
AWI0005mwf,J034626.45+440137.0,56.6102189,44.026954
AWI0005ym3,J034627.29+241517.5,56.61375405,24.25481281
AWI0005mwg,J034633.38+440106.9,56.6390996,44.0185944
AWI0005w9g,J034641.48+352502.0,56.67283133,35.41722783
AWI0005mwh,J034716.14+440425.1,56.8172693,44.073486
AWI0005w9h,J034719.71+295159.9,56.83214794,29.86663843
AWI000632k,J034857.41+404017.0,57.2392514,40.6713892
AWI00062bv,J034923.46-175634.3,57.34778791,-17.94290596
AWI00019x4,J034926.75+570719.6,57.36153447,57.12207921
AWI00062bw,J035012.39-163811.8,57.55165,-16.6366
AWI0002oz1,J035030.83+540119.7,57.6284686,54.0221511
AWI000632e,J035058.53+350528.5,57.74391148,35.0912402
AWI0005ym9,J035157.43+255955.4,57.98933753,25.99867892
AWI0006328,J035224.19+361221.3,58.100852,36.205929
AWI0006327,J035234.42+353358.9,58.14345,35.56637
AWI0006327,J035234.42+353358.9,58.1434608,35.5663575 
AWI00062bz,J035300.72-495546.5,58.252947,-49.929587
AWI0005yma,J035323.83+271838.3,58.3492998,27.3106405
AWI0002d6k,J035335.04+602859.8,58.39476447,60.48039585
AWI0004eir,J035426.49+475116.5,58.61040748,47.85460234
AWI0005w9q,J035454.28+295943.9,58.7261666,29.99552263
AWI0005mwq,J035725.80+431858.4,59.35759505,43.31618773
AWI0002vd2,J035905.58+513601.3,59.77331392,51.60036507
AWI0005mwr,J040010.43+400049.4,60.04350857,40.01374307
AWI0005w9t,J040037.42+323808.0,60.15596408,32.6355377
AWI0005ymc,J040040.65+202447.8,60.16941026,20.41327454
AWI000631u,J040107.94+334320.8,60.283095,33.7224542
AWI000631s,J040219.09+324015.1,60.579836,32.670841
AWI00062cf,J040233.37-592314.4,60.6391102,-59.38730663
AWI0005zz5,J040238.47-004803.7,60.66031599,-0.801086019
AWI0004ngf,J040359.07+435919.4,60.99614644,43.98874553
AWI0005wa0,J040559.62+295638.1,61.49845024,29.94393807
AWI0005zgj,J040754.66+163149.9,61.97777055,16.5305576
AWI000631f,J040818.25+322736.0,62.0760692,32.460034
AWI0005zgl,J041241.76+140308.5,63.1740033,14.0523688
AWI0005ymi,J041249.03+193219.2,63.20429627,19.53867856
AWI0005zgm,J041418.73+115812.6,63.57807176,11.97018448
AWI00062ct,J041430.98-574445.2,63.62912016,-57.74590477
AWI0000lqa,J041430.98-574445.2,63.62912016,-57.74590477 
AWI0002ozm,J041517.47+505124.0,63.8228171,50.85668
AWI0002ozn,J041541.77+501830.4,63.9240736,50.3084697
AWI0005e4w,J041700.36+633721.9,64.25150998,63.62277452
AWI0005wam,J041810.78+251957.1,64.54496938,25.33250801
AWI0005wap,J041851.47+282026.2,64.714492,28.3406261
AWI0001qr1,J042003.89+543155.8,65.0162283,54.5321631
AWI0005zgp,J042115.63+100723.0,65.31513,10.12307
AWI00019xl,J042115.67+535041.3,65.315222,53.844719
AWI00062d2,J042138.03-543700.4,65.40848321,-54.61676568
AWI0005zgr,J042316.83+112240.3,65.82028588,11.37779
AWI0005mxd,J042625.87+351507.6,66.6078216,35.2521368
AWI0002d71,J042637.69+582408.1,66.65707403,58.4022612 
AWI0002d72,J042715.08+570205.6,66.8128397,57.0348986
AWI000630x,J042921.65+270125.6,67.3402472,27.0237767
AWI0005mxq,J042954.25+361156.7,67.4760584,36.1990895
AWI0005mxu,J043009.85+361334.9,67.5410726,67.5410726
AWI0001qrb,J043012.92+541357.9,67.5538647,54.232774
AWI00062df,J043026.69-431245.6,67.61121771,-43.21263991
AWI0005mxx,J043028.42+353241.9,67.6184528,35.5449594
AWI00062dh,J043029.53-432438.0,67.6230726,-43.41053077
AWI00019xu,J043051.36+515201.7,67.7140253,51.8671383
AWI0006006,J043217.75-133511.5,68.07399229,-13.58652227
AWI000427i,J043321.62+430154.3,68.340122,43.0317743
AWI0005ymx,J043428.53+122346.5,68.61888,12.39626
AWI0005myd,J043453.22+362329.1,68.7217737,36.3914218
AWI000600b,J043521.12-081730.0,68.83800565,-8.291692977
AWI0005myf,J043525.50+341901.4,68.8562787,34.3170625
AWI00023of,J043800.94+530957.7,69.5038942,53.1660247
AWI000630h,J043825.99+292314.5,69.608254,29.387349
AWI00034ud,J043834.28+460445.5,69.6428539,46.0793236
AWI000600n,J043852.53-081329.6,69.71893842,-8.2249199
AWI0000zrn,J044045.17+481333.4,70.18828098,48.22588814
AWI00055wg,J044126.88+622444.8,70.362024,62.412477
AWI000601n,J044609.49-113340.2,71.53956366,-11.56116792
AWI000630o,J044612.06+260207.3,71.550195,26.035385
AWI0005yn2,J044717.93+054717.4,71.82474236,5.788146013
AWI0005myt,J044822.10+301847.8,72.09211,30.31328
AWI0005myu,J044822.74+294622.5,72.09479204,29.77290009
AWI0000zkt,J044941.68+470759.1,72.423657,47.133137
AWI0005yn4,J045013.22+034100.3,72.55511449,3.683470953
AWI0005zgy,J045245.95-062129.5,73.19148126,-6.358207026
AWI0005yn5,J045252.88+084534.7,73.22039213,8.759635305
AWI0004nhj,J045411.70+342158.2,73.548905,34.366159
AWI0000zrp,J045422.05+455429.1,73.591885,45.9080675
AWI0005wcl,J045519.57+163712.9,73.83153035,16.62023134
AWI0005mz7,J045548.21+302016.1,73.95099506,30.33780983
AWI0005af1,J045747.54+674633.6,74.448225,67.776047
AWI0005af1,J045747.54+674633.6,74.44813743,67.77598974 
AWI0001qry,J045828.03+480643.7,74.617263,48.112141
AWI0005zh3,J045836.89-043333.5,74.65375035,-4.559323912
AWI0005mze,J045851.41+283123.7,74.7142057,28.5232285
AWI0004ejc,J050049.55+343752.2,75.206557,34.631189
AWI0002p05,J050142.47+413738.2,75.42697933,41.62727694 
AWI0005ynf,J050226.26+013332.7,75.60943802,1.559062351
AWI0005wcw,J050228.42+134637.7,75.6184283,13.7771588
AWI0005mzk,J050441.39+250954.3,76.1724827,25.1651074
AWI00019yc,J050533.28+455606.3,76.388497,45.935499
AWI0005wcz,J050610.47+062929.2,76.5436891,6.49146769
AWI00023os,J050640.35+472448.4,76.668149,47.4134718
AWI0005ynm,J050729.40-031840.8,76.872468,-3.311368657
AWI0005ynp,J050801.92-031731.6,77.0080414,-3.2921125
AWI0005zhk,J050853.31-062946.5,77.2221476,-6.4962694
AWI00060gu,J051032.95-183944.6,77.63732978,-18.6624047
AWI0005ynv,J051034.92-031324.0,77.6455172,-3.2233664
AWI0005mzu,J051124.05+261109.3,77.850168,26.185844
AWI0003cu4,J051130.40+362246.6,77.8766761,36.3796278
AWI0005wd7,J051130.42+103218.9,77.87677432,10.53859052
AWI0005wd8,J051143.75+122012.5,77.93232841,12.33681453
AWI0005af8,J051227.07+724436.8,78.112793,72.74364 
AWI0005yo1,J051243.27-012836.1,78.180336,-1.476665
AWI0005yo2,J051244.74-010524.9,78.18642,-1.09027
AWI0005yo4,J051328.63-043910.6,78.36929367,-4.652977431
AWI0000xds,J051607.94+395117.2,79.0330848,39.8547933
AWI0003cu9,J051620.29+352338.7,79.08458178,35.3940959
AWI0000zs0,J051634.38+402856.1,79.1432656,40.4822486
AWI00055x3,J051638.91+563024.3,79.16220132,56.50669496
AWI0005yog,J051646.72-064720.9,79.19469104,-6.789165882
AWI0005wdn,J051725.89+071147.7,79.357918,7.19663088
AWI0005wdo,J051729.17+071810.0,79.37155,7.302791
AWI0005wdq,J051740.83+090514.5,79.42015466,9.087371569
AWI0005wdu,J051804.09+070530.9,79.5170494,7.0919348
AWI0005yok,J051816.84-053729.9,79.5702028,-5.6249951
AWI0005yon,J051915.50-020453.0,79.8145842,-2.081396
AWI0005we0,J052007.24+050250.5,80.0302048,5.047388
AWI0005yoy,J052045.68-054832.3,80.1903628,-5.8089783
AWI0005yp2,J052108.71-054229.0,80.2863084,-5.7080588
AWI0005yp3,J052109.90-081705.5,80.291251,-8.284877
AWI00060uk,J052126.14-452028.0,80.35893,-45.3411
AWI00019yp,J052211.92+413349.5,80.549853,41.563905
AWI0002p0g,J052234.63+354535.2,80.6443583,35.7597389
AWI0005we8,J052254.38+045655.5,80.7266077,4.9487748
AWI0005wea,J052312.40+005447.6,80.80169137,0.913232843
AWI0005ypb,J052330.49-044149.0,80.87708,-4.69695
AWI0005ypc,J052334.17-115840.6,80.89237944,-11.97796546
AWI0005ype,J052342.05-043719.1,80.92522,-4.622
AWI0005ypf,J052359.50-012616.2,80.9979361,-1.4378608
AWI0005wem,J052454.65-002516.6,81.2277162,-0.4213033
AWI0000zs6,J052456.09+375806.0,81.233694,37.9683411
AWI0005wen,J052504.68+012050.9,81.2695258,1.3474834
AWI0005n0k,J052510.40+192027.7,81.2933623,19.3410555
AWI0002d7x,J052531.34+465100.1,81.3806178,46.8500373
AWI0005ypm,J052539.80-041102.1,81.4158359,-4.1839358
AWI0005ypo,J052556.05-021601.5,81.48354066,-2.267141548
AWI0005ypp,J052604.18-104527.9,81.5174171,-10.7577567
AWI0005wew,J052614.84+025727.3,81.56184408,2.95758739
AWI0005wex,J052617.32+055817.1,81.57220814,5.971411378
AWI0005wey,J052638.83+065206.8,81.661788,6.868547
AWI0005yps,J052642.14-041132.1,81.67557343,-4.192184457
AWI0005ypt,J052648.70-063823.0,81.7029549,-6.639737086
AWI0005ypv,J052653.64-100458.1,81.72351298,-10.08279812
AWI0003cuh,J052728.74+312358.0,81.86975293,31.39944501
AWI0005wf8,J052733.83+043850.4,81.89099946,4.647342715
AWI0005wfa,J052738.61-015801.7,81.91089336,-1.967181757
AWI0005wfc,J052744.71-014847.0,81.93632347,-1.813103459
AWI0005n0p,J052746.74+174407.4,81.94474018,17.73539976
AWI00062ya,J052814.59+090324.4,82.06087,9.056841
AWI0005wfg,J052815.31+012734  ,82.06382521,1.459458913
AWI0005yq2,J052817.16-073705.4,82.07155078,-7.618177168
AWI0005wfi,J052817.85+011006.1,82.07438214,1.168357573 
AWI0005yq4,J052822.03-062555.9,82.0918136,-6.4322182
AWI0004yla,J052833.49+350344.2,82.1395533,35.0622847
AWI0005wfn,J052859.70+032148.6,82.24878421,3.363504954
AWI0005yq6,J052923.29-043057.5,82.34685087,-4.516314313
AWI0005wft,J052924.84+034330.5,82.35351935,3.725146629
AWI0005yq8,J052928.49-074636.9,82.3687444,-7.7769408
AWI00062y2,J052929.73+151346.7,82.3738947,15.2296342 
AWI00062xz,J052952.76+120947.4,82.469901,12.163176
AWI00062xx,J052957.66+124520.7,82.490501,12.755808
AWI0005wfy,J052958.49+033343.0,82.493705,3.561938
AWI00062xw,J052959.25+121947.0,82.49688,12.32974
AWI00062xv,J053003.81+120121.7,82.515839,12.022773
AWI0006191,J053004.61-524840.7,82.51922154,-52.81131412
AWI0005wg1,J053005.05-021523.1,82.52106,-2.25644
AWI0005yqc,J053011.49-063408.9,82.54790187,-6.569162128
AWI00062xq,J053020.39+071211.6,82.585008,7.203276
AWI00062xm,J053036.15+103054.2,82.6506285,10.515075
AWI0005yqh,J053045.97-072458.2,82.691555,-7.416182
AWI0005yqi,J053047.99-073132.4,82.69999838,-7.525666244
AWI0005yql,J053057.81-102634.9,82.7408965,-10.4430291
AWI00062yi,J053125.65+121251.4,82.856878,12.214285
AWI00062xy,J053140.47+121046.8,82.918497,12.179934
AWI0005yqs,J053149.37-060019.3,82.95571705,-6.005371584
AWI0005wgh,J053200.31-045553.8,83.00130515,-4.93163599
AWI0005wgk,J053209.94-024946.7,83.0414279,-2.829658
AWI0005yqw,J053211.40-053744.0,83.0475293,-5.6288894
AWI0005yqx,J053214.83-062054.6,83.0617892,-6.3485194
AWI0005wgv,J053230.80-042136.2,83.12837,-4.36006
AWI0005wgw,J053232.65-011345.9,83.13610561,-1.229436665
AWI00062wl,J053234.72+111252.3,83.1446579,11.2145383
AWI00062wi,J053239.38+122030.4,83.16411,12.34178
AWI00062wh,J053243.05+122108.4,83.179291,12.352294
AWI00062wg,J053245.50+122702.3,83.1895981,12.4506194
AWI00062wc,J053258.98+114619.1,83.245646,11.7721
AWI0005wh4,J053301.76-044918.5,83.2573369,-4.82181
AWI00061e1,J053307.44-350821.9,83.28101,-35.1394
AWI00062w9,J053317.21+103553.0,83.321922,10.59803
AWI0005wha,J053318.67-003614.1,83.32782669,-0.603928522
AWI0005yr4,J053320.98-062233.3,83.3374475,-6.3759364
AWI0005whb,J053325.10-040329.9,83.3546114,-4.0583154
AWI0005whd,J053330.78-030755.7,83.3782625,-3.13218
AWI0005yr7,J053333.00-061837.5,83.3875256,-6.3104402
AWI0005whh,J053334.25-044345.7,83.3927304,-4.7293742
AWI0002d81,J053335.18+440000.9,83.3965861,44.0002997 
AWI0004nij,J053337.22+232020.4,83.40511485,23.33898557
AWI0005afe,J053337.86+631922.3,83.407869,63.322902
AWI0005whj,J053343.25-010834.6,83.43026195,-1.142983617
AWI0005yr9,J053345.39-060425.7,83.4391007,-6.0737519
AWI0005who,J053354.76-041627.2,83.47818,-4.27422
AWI0005whp,J053355.80-044749.4,83.4825258,-4.7970694
AWI000428h,J053359.77+253734.8,83.49899452,25.62628876  
AWI0005whq,J053359.84-000506.4,83.4993708,-0.0851199
AWI0005whs,J053402.33-000052.7,83.5097247,-0.014662985
AWI0005yrd,J053406.95-063207.8,83.5289921,-6.5355231
AWI0005whw,J053414.16-053654.2,83.55901029,-5.615053572
AWI0005wi9,J053436.14-060534.6,83.6505973,-6.092966
AWI00023p7,J053438.68+402609.4,83.66119274,40.43595298
AWI0005wie,J053448.34-063026.8,83.7014255,-6.5074703
AWI0005yrg,J053451.81-073819.8,83.71592412,-7.63885804
AWI0005yrh,J053455.25-104808.6,83.7302366,-10.8024153
AWI0005wip,J053506.06-055700.9,83.7752888,-5.9502651
AWI0005wit,J053510.05-060536.5,83.7918846,-6.0934765
AWI00062vu,J053519.92+100236.5,83.8330152,10.04349 
AWI0005wj0,J053519.99-001651.4,83.8333232,-0.2809664
AWI00055xe,J053523.12+594548.1,83.84633698,59.76339992
AWI00062vr,J053525.36+100838.3,83.8556798,10.14399 
AWI0005wj9,J053525.37-055321.6,83.85574742,-5.889319558
AWI0005wjc,J053528.53-012531.4,83.8688841,-1.4254044
AWI0005wjd,J053531.78-002306.5,83.8824362,-0.3851532
AWI0005wjj,J053534.82+022708.1,83.8950937,2.4522576
AWI00062vq,J053541.03+091319.6,83.9209961,9.2221092 
AWI0005wk0,J053555.43-011331.9,83.98100958,-1.22553795
AWI0005wk4,J053558.62-010445.3,83.9942691,-1.0792666
AWI0005wk5,J053558.98-014546.5,83.995832,-1.76294
AWI0005wku,J053628.55+000445.6,84.1189592,0.0793417
AWI0005wl4,J053636.93-063324.0,84.153893,-6.5566752
AWI0005wl5,J053637.00-021051.3,84.1541842,-2.1809108
AWI0005wld,J053649.66-050409.3,84.2069176,-5.0692765
AWI0005wlk,J053657.32-012607.3,84.23882966,-1.435394562
AWI00055xg,J053707.15+603636.4,84.279838,60.61014
AWI000428p,J053715.39+244917.3,84.31415569,24.82145913
AWI0005wlv,J053717.27-063618.2,84.3219964,-6.6050785
AWI0005wm1,J053722.55-025936.4,84.34395615,-2.993449909 
AWI0005wm2,J053724.47-065832.9,84.3519742,-6.9758287
AWI0005wm3,J053730.04-004852.1,84.37518,-0.81448
AWI0005wm5,J053730.94-022342.7,84.3789566,-2.395215
AWI0005wm8,J053736.85-020817.7,84.40356418,-2.138256404
AWI0005wmc,J053747.08-064230.1,84.44616709,-6.708389031
AWI0003cum,J053759.82+281200.8,84.499296,28.200131
AWI0000zsf,J053802.18+341934.4,84.50905341,34.32623993
AWI0005wmt,J053804.95-071610.8,84.5206555,-7.2696686
AWI0005wmx,J053807.26-050118.1,84.5302881,-5.0217057
AWI0001qsl,J053815.82+374440.5,84.56592475,37.74460057
AWI0005wnb,J053817.43-070939.6,84.572634,-7.161021
AWI0005wnj,J053825.78-052211.0,84.6074353,-5.3697211
AWI0005wnp,J053830.23-040246.1,84.6259638,-4.0461599
AWI0005wnq,J053831.41-023633.8,84.6309035,-2.6094002
AWI0005wnw,J053836.60-074634.4,84.652522,-7.7762269
AWI0005wnx,J053836.65-071100.2,84.6527271,-7.1833908
AWI0005wnz,J053839.81-025646.2,84.66591761,-2.946182114
AWI0002d85,J053849.57+422354.6,84.70658199,42.39845661
AWI00034v5,J053915.14+300902.0,84.8130896,84.8130896
AWI0005woq,J053915.24-064402.6,84.81356784,-6.733985615
AWI00062uz,J053922.33+081230.0,84.84305726,8.208311972
AWI00061mc,J053930.48-404102.4,84.87704,-40.684
AWI0003lz5,J053930.51+262226.9,84.87712573,26.37413858
AWI0004ek1,J053931.97+231520.7,84.8832153,23.2557593
AWI0005wp2,J053934.78-013211.9,84.89495426,-1.53665105
AWI00055xh,J053942.72+505424.9,84.927871,50.906904
AWI0005wpc,J053943.18-023243.2,84.9299314,-2.5453574
AWI0005wpk,J054002.56-003924.8,85.0106811,-0.656903
AWI0005wpn,J054005.04-062924.6,85.0210374,-6.4901791
AWI0005wpp,J054006.26-074744.5,85.0260988,-7.7956949
AWI0005wq2,J054017.01-021811.3,85.0709038,-2.3031478
AWI0002p1a,J054017.57+301236.7,85.0732373,30.2102158
AWI0005wq4,J054022.43-021539.9,85.0934834,-2.2610868
AWI0005wq7,J054024.96-075535.2,85.1040124,-7.9264708
AWI0005wq9,J054025.64-070537.2,85.1068585,-7.09368
AWI0005wqd,J054029.46-091703.6,85.1227901,-9.2843404
AWI0003cuq,J054032.45+272634.0,85.1352312,27.44277746
AWI0005wqh,J054039.31-022646.1,85.1637937,-2.446145
AWI0005wqj,J054040.05-063149.9,85.1668907,-6.5305502
AWI0005yrs,J054041.44-093626.0,85.1726758,-9.6072263
AWI0005wql,J054044.17-080734.8,85.1840537,-8.126357
AWI0005wqn,J054045.12-072225.1,85.1880096,-7.3736396
AWI0005wqp,J054048.52-092346.7,85.2021698,-9.3963238
AWI0005wqv,J054053.88-090604.3,85.2245362,-9.1012132
AWI0002d87,J054054.76+410444.1,85.228208,41.078892
AWI0005wqy,J054058.24-011704.7,85.2427022,-1.2846533
AWI0000zlj,J054059.87+335728.8,85.24948824,33.95801204
AWI0005wr1,J054102.71-091229.0,85.2613081,-9.2080611
AWI0005wr2,J054103.24-093651.7,85.26352728,-9.614388692
AWI0005wr4,J054105.48-074707.5,85.2728662,-7.7854399
AWI0005wr7,J054114.02-080757.4,85.3084526,-8.1326224
AWI0005wrb,J054116.18-093017.0,85.3174277,-9.5047369
AWI0005wrc,J054118.52-072621.2,85.3271861,-7.4392405
AWI0004ylk,J054122.48+311612.8,85.3436838,31.2702334
AWI00019zv,J054122.69+342046.5,85.3446611,34.3462958
AWI0005wrf,J054123.22-085942.8,85.3467846,-8.995239
AWI0005wrg,J054124.50-022236.3,85.35210102,-2.376730916
AWI0005wrm,J054127.71-093141.3,85.3654835,-9.5281603
AWI0005wrr,J054136.71-093046.2,85.4029662,-9.5128484
AWI0005ws5,J054200.09-100111.2,85.5003736,-10.0197636
AWI0005ws9,J054205.46-083828.5,85.522782,-8.6412506
AWI0005wsc,J054210.39-095838.1,85.5433118,-9.9772596
AWI0005wsg,J054219.57+000436.3,85.5816253,0.0767636
AWI0005e71,J054226.17+471020.0,85.60902684,47.17222855
AWI0005wsn,J054229.84-094639.1,85.6243612,-9.7775397
AWI0003lz6,J054230.58+250237.5,85.6274269,25.0437752
AWI0005wso,J054231.65-095741.3,85.6318799,-9.9614743
AWI0005wsv,J054237.69-082515.5,85.6570676,-8.4209797
AWI0005wt0,J054239.82-092146.0,85.6659478,-9.362805
AWI0005wt1,J054240.81-084008.6,85.670046,-8.6690792
AWI0005wt4,J054242.41-084813.9,85.6767332,-8.8038818
AWI0005wt5,J054242.62-094503.5,85.677592,-9.7509752
AWI0005wt7,J054243.98-080926.7,85.6832779,-8.1574216
AWI0005wt8,J054244.45-100318.6,85.6852234,-10.055183
AWI0005wti,J054251.74-095741.0,85.715612,-9.9613955
AWI0005wtm,J054253.75-085727.8,85.7239937,-8.9577453
AWI0005wto,J054259.13-080923.6,85.7463818,-8.1565604
AWI0005e72,J054259.80+445105.2,85.74916543,44.85145659
AWI0005wtu,J054303.92-083909.4,85.7663401,-8.6526296
AWI0005wtv,J054304.40-081810.6,85.7683722,-8.3029603
AWI0005wty,J054305.06-100102.5,85.7710856,-10.0173747
AWI00062up,J054312.57+091701.7,85.8023916,9.2838058 
AWI0002d89,J054317.44+395821.1,85.82272674,39.97254413
AWI0005wua,J054339.00-050402.8,85.91253878,-5.067472348
AWI0004294,J054339.86+225919.4,85.91351585,22.98703089
AWI00055xn,J054343.12+571219.9,85.9296947,57.2055506
AWI0005wub,J054343.62-083416.4,85.9317886,-8.5712398
AWI00062ui,J054350.67+091224.9,85.9611206,9.2069158
AWI0005wug,J054403.63-021637.2,86.0151515,-2.2770204
AWI0005wuh,J054406.70-015115.5,86.0279416,-1.8543111
AWI0001qsu,J054409.06+363354.3,86.0377544,36.5650994
AWI00062uj,J054414.87+090808.1,86.06197,9.135595
AWI0000xea,J054421.72+311622.0,86.09052936,31.27278471
AWI0004ek8,J054426.50+195939.9,86.1103628,19.9944517
AWI0000xeb,J054431.30+302441.4,86.1304514,30.4115042
AWI0005c2t,J054432.98+743420.8,86.13751175,74.57246357
AWI0005wuq,J054443.52-083653.7,86.1813423,-8.6149411
AWI0005wur,J054444.05-013639.8,86.1835639,-1.6110806
AWI00062u9,J054444.65+092318.7,86.18603,9.388567
AWI0002vej,J054445.15+271129.6,86.1881397,27.191575
AWI0005wuu,J054504.83-082209.9,86.2701615,-8.3694328
AWI00062tw,J054526.16+000637.8,86.3589978,0.1105303
AWI0002p1f,J054536.45+281403.1,86.4018975,28.2341998
AWI00062tt,J054544.37+002258.2,86.484636,0.119103
AWI0005wv0,J054545.49-075401.7,86.439567,-7.9004893
AWI0005n1b,J054550.99+100228.0,86.46249645,10.04110629
AWI0001a00,J054553.88+342537.2,86.4745028,34.42702792
AWI0002d8a,J054556.16+421812.6,86.48405565,42.30348532
AWI00062tj,J054609.28+001332.4,86.538705,0.225714
AWI0005n1d,J054634.02+095451.7,86.64178287,9.914370242
AWI0005n1f,J054649.18+085814.5,86.70493555,8.970681286
AWI00062t3,J054657.10+081225.0,86.73794,8.20697
AWI00062t1,J054703.22+081611.1,86.7634342,8.2697689
AWI00062sz,J054704.65-003922.6,86.7694083,-0.6562861 
AWI0002p1g,J054712.01+274505.2,86.8000467,27.7514496
AWI00062su,J054717.27+003821.3,86.822012,0.639333
AWI0000zsj,J054731.84+303637.4,86.88270643,30.61037854
AWI0003lzb,J054745.78+224829.2,86.9407686,22.8081173
AWI00062sq,J054748.36+004058.9,86.951567,0.683123
AWI0002d8c,J054751.26+383439.9,86.96365008,38.57777819
AWI00062so,J054801.06+003430.5,87.004468,0.575136
AWI0005n1m,J054805.45+083530.6,87.0227389,8.591861
AWI0005wva,J054854.24-070928.0,87.2260442,-7.1577986
AWI0003lze,J054914.99+223550.5,87.3124764,22.5973681
AWI00062se,J054916.37+055514.0,87.31827,5.920685
AWI0002p1i,J054934.59+270527.4,87.3940969,27.0909567
AWI0003lzg,J054943.99+231947.2,87.4333249,23.3297873
AWI000429f,J054954.86+201739.7,87.4785934,20.2943834
AWI00023pd,J054959.03+353619.7,87.4959873,35.6054989
AWI0005n1q,J055016.98+081524.0,87.57067956,8.256740251
AWI0006371,J055023.56+025237.9,87.5982089,2.8772203
AWI0005n1u,J055105.95+082234.4,87.7748257,8.3762373
AWI0005n1w,J055150.35+082106.6,87.9586817,8.351658205
AWI0002d8g,J055202.60+393541.5,88.011218,39.595119
AWI0005wve,J055207.72-090230.4,88.03219318,-9.04176716
AWI0004ylo,J055251.74+264730.0,88.2156132,26.7916937
AWI0005wvf,J055301.19-073335.1,88.25498979,-7.559779915
AWI00062rt,J055332.99+021720.1,88.3874706,2.2889225
AWI0003lzj,J055333.70+202346.9,88.3904373,20.3963879
AWI00062rw,J055407.18+013900.7,88.529915,1.650483
AWI0006375,J055416.95+043503.5,88.570539,4.584401
AWI0005zil,J055417.57-383951.1,88.57321442,-38.66422651
AWI0000zsk,J055459.06+274433.9,88.746128,27.74272
AWI0000zsm,J055532.75+271856.6,88.8864747,27.3157456
AWI0005zim,J055606.26-381649.2,89.026116,-38.280344
AWI0005yse,J055631.87-242600.8,89.13280145,-24.43355875
AWI000429n,J055641.37+170117.0,89.17247,17.021359
AWI0005wvp,J055650.31-121440.6,89.2096355,-12.2446224
AWI0005wvu,J055739.96-143755.2,89.4165361,-14.6320179
AWI0005wvv,J055740.52-134853.6,89.4188633,-13.8149161
AWI0005ww0,J055754.19-093813.2,89.4758,-9.63702
AWI0005ww1,J055804.52-141457.4,89.51887591,-14.24929369
AWI0005ww9,J055839.15-134501.3,89.66314796,-13.75043083
AWI0005wwi,J055924.43-145421.8,89.8518206,-14.90605209
AWI0003cv1,J055931.29+201959.7,89.8804129,20.3332717
AWI0005wwx,J060103.39-084451.1,90.2641338,-8.7475342
AWI0005wwy,J060103.99-095942.3,90.2666544,-9.9951136
AWI0005n29,J060104.90+065005.9,90.27043727,6.834976101
AWI0005wx1,J060112.05-095712.3,90.3002399,-9.9534419
AWI0005wx6,J060140.88-100329.4,90.4203575,-10.058184
AWI0005wx7,J060141.51-095911.7,90.4229664,-9.9866024
AWI0005wx8,J060144.67-095938.6,90.43616909,-9.994060999
AWI0005wx9,J060144.91-085856.8,90.4371401,-8.9824595
AWI0005wxa,J060145.11-090058.3,90.4379857,-9.0162061
AWI0005wxb,J060145.14-141333.7,90.43811908,-14.2260656
AWI0005zjc,J060210.78-570142.1,90.54493,-57.0284
AWI0005wxn,J060231.81-094651.0,90.632556,-9.7808606
AWI0003lzt,J060247.29+164904.1,90.69704229,16.81780765
AWI0005wxq,J060248.13-094257.6,90.7005472,-9.7160202
AWI00055y4,J060248.62+495420.0,90.7026172,49.9055776
AWI00055y4,J060248.62+495420.0,90.7025919,49.9055111 
AWI0005wxr,J060251.71-094111.8,90.715462,-9.6866205
AWI0004nje,J060334.24+093954.6,90.89450844,9.667891336
AWI00062qy,J060351.84-040819.0,90.965986,-4.138494
AWI00062qw,J060413.65-071148.3,91.056922,-7.196779
AWI0005n2k,J060430.20+023109.7,91.1258333,2.5193436
AWI0003lzv,J060439.30+165458.8,91.1637858,16.9163572
AWI0005wxv,J060449.25-151357.5,91.20523,-15.2327
AWI00062qq,J060456.23-052035.4,91.234368,-5.343163
AWI0005wxz,J060548.34-165733.6,91.45137923,-16.95937512
AWI00062ql,J060601.33-061104.3,91.505598,-6.184329
AWI00062qe,J060639.74-061642.3,91.6655861,-6.2784239
AWI0005zkb,J060722.97-413357.6,91.845737,-41.566021
AWI00023pv,J060757.59+293141.1,91.9899767,29.5281103
AWI00062pp,J060802.75-093715.9,92.0114964,-9.6211053
AWI00062pn,J060804.45-092910.5,92.0185463,-9.4862933 
AWI00023px,J060806.31+293726.9,92.0263081,29.6241492
AWI0005wy4,J060823.87-153556.6,92.09945708,-15.59907584
AWI00062pi,J060827.12-063601.9,92.1130308,-6.6005072
AWI00062pf,J060837.23-062257.0,92.1551419,-6.3824814
AWI0005wy5,J060902.18-134948.9,92.25911508,-13.83026742
AWI0002d8u,J060908.44+303057.4,92.28520901,30.51595909
AWI0003m05,J060916.99+143648.5,92.3208128,14.6135108
AWI0005wy8,J060917.00-150808.5,92.320852,-15.13571531
AWI0005wy9,J060920.20-180735.1,92.33417659,-18.12647662
AWI0000xet,J060923.60+210235.7,92.3483719,21.0432633
AWI00062p9,J060923.70-100954.9,92.348682,-10.165258
AWI00062p8,J060944.49-082056.1,92.435395,-8.3489361
AWI0006376,J060952.41-074808.7,92.4684008,-7.8024594
AWI0006378,J061006.32-101013.4,92.52640982,-10.1703906
AWI0000xew,J061013.93+205511.7,92.55804879,20.9199336
AWI0003m0a,J061035.09+141343.7,92.6462561,14.2288086
AWI000637c,J061044.94-100621.1,92.6872517,-10.1058925
AWI0000xf1,J061141.94+203339.3,92.92475956,20.56093122
AWI0005wyg,J061204.17-205438.9,93.0174162,-20.91082195
AWI000637k,J061214.96-090949.2,93.0623496,-9.1636888
AWI0005ysz,J061237.83-321324.9,93.15764139,-32.22360304
AWI0004njp,J061303.76+033032.5,93.265589,3.509
AWI0001a0h,J061309.47+223038.6,93.2894996,22.5107125
AWI000637p,J061313.97-061439.2,93.3082244,-6.2442231
AWI000637r,J061318.68-061341.8,93.3278556,-6.2282703
AWI000637s,J061337.25-062501.7,93.405235,-6.417147
AWI000637t,J061341.92-062321.1,93.4246917,-6.3892064
AWI000637x,J061418.67-092019.4,93.5777955,-9.3387442
AWI00055yl,J061420.39+394022.1,93.5849978,39.67278443
AWI0006383,J061503.39-062517.8,93.7641264,-6.4216242
AWI0006388,J061519.49-063257.6,93.831214,-6.5493463
AWI0001a0n,J061525.67+211258.8,93.8570004,21.2163444
AWI0006389,J061535.50-064519.5,93.89792409,-6.755410955
AWI0001a0p,J061616.07+210130.7,94.06624704,21.02199353
AWI000638d,J061636.48-062505.5,94.1520112,-6.4181961 
AWI0005wyn,J061707.93-222227.8,94.28306255,-22.37443803
AWI0000zt7,J061757.82+181304.0,94.4909476,18.2178031
AWI0001a0v,J061849.69+210628.6,94.7070539,21.1079694
AWI0001a0x,J061902.07+203347.6,94.7586575,20.5632355
AWI0005zm0,J061903.93-535823.9,94.7664	,-53.9733
AWI0001a0y,J061910.91+202739.9,94.79549127,20.46110538
AWI000638p,J061957.36-135934.7,94.9890023,-13.9929887
AWI0005wyt,J062005.44-230619.1,95.02267694,-23.10532912
AWI000638w,J062055.95-075436.2,95.2331471,-7.9100811
AWI0005zmd,J062150.06-511415.5,95.45862,-51.2377
AWI0006391,J062158.45-081346.8,95.493555,-8.229691
AWI0004ymf,J062158.76+141832.2,95.49487,14.30895
AWI0005wyw,J062200.65-233656.4,95.5027303,-23.61571213
AWI0002d91,J062330.16+270704.8,95.875557,27.118062
AWI00034w9,J062339.80+112822.3,95.9158667,11.4728742
AWI0000zm2,J062415.76+164237.4,96.0656765,16.7103869
AWI0001qtv,J062421.87+203904.3,96.0911531,20.651203
AWI00023ql,J062437.33+220451.3,96.15555747,22.08090564
AWI0005e8b,J062451.60+295058.4,96.215012,29.849655
AWI000639f,J062520.10-103204.4,96.3337682,-10.5345653
AWI00034wa,J062520.62+105152.6,96.3359542,10.8646253
AWI0002d96,J062624.53+242133.8,96.60222,24.35941
AWI0004ymh,J062627.38+122407.6,96.61408333,12.40211111
AWI0005ytl,J062643.63-440402.7,96.681666,-44.067455
AWI0005ytm,J062647.40-371356.9,96.69749024,-37.2324666
AWI0001a14,J062817.38+173316.7,97.072456,17.554631
AWI00023qq,J062835.97+205237.5,97.14996,20.877176
AWI00034wb,J062842.42+093209.2,97.1767806,9.5359031
AWI0003m13,J062856.34+060210.3,97.2347608,6.0362044
AWI0002p2e,J062931.72+095131.2,97.3822311,9.8586675
AWI0002p2f,J063020.68+100416.2,97.5862069,10.0711783
AWI0004eli,J063108.48-004222.0,97.785311,-0.706037
AWI0000ztc,J063152.71+114622.0,97.9696653,11.7727931
AWI000639v,J063247.69-174236.5,98.1987149,-17.7101487
AWI0003m1g,J063313.70+024005.3,98.3070878,2.668155
AWI0004elm,J063329.64-012948.5,98.3735	,-1.496805556
AWI0003m1h,J063419.15+024730.0,98.57980095,2.791672814
AWI0005wzj,J063633.36-344041.2,99.13902027,-34.67812652
AWI0002vfh,J063757.61+035028.3,99.490043,3.8412184
AWI0005e8j,J063802.92+251859.0,99.512127,25.316414
AWI00034wi,J063805.70+050622.3,99.523787,5.1061951
AWI00055zf,J063814.80+380827.4,99.561646,38.140986
AWI0005yu0,J063843.99-450351.7,99.6833137,-45.0643838
AWI0000zm8,J063943.55+093603.9,99.9314827,9.6010845
AWI0001a1b,J063951.54+120407.6,99.96475314,12.06878285
AWI00063aj,J063953.34-271225.8,99.9722544,-27.2071727 
AWI0001a1c,J063959.22+100607.7,99.9967722,10.1021267
AWI0005wzn,J064118.12-401734.2,100.3297299,-40.29311624
AWI0001a1v,J064151.08+100144.6,100.4628556,10.02911014
AWI0001a1x,J064200.27+090944.4,100.5011569,9.1623372
AWI0005wzr,J064300.52-325939.6,100.7521958,-32.99432249
AWI0005n5s,J064301.29-143258.5,100.7553951,-14.5495845
AWI0002p2o,J064359.65+032809.6,100.9985506,3.469355341
AWI0005yuc,J064446.24-522524.5,101.192591,-52.423484
AWI0005yuf,J064756.48-531041.4,101.9852927,-53.17817635
AWI0003m28,J064758.97-040104.8,101.9957393,-4.018023537
AWI0000ztr,J064839.12+042734.5,102.1630397,4.4596074
AWI0005x02,J064843.11-434805.2,102.17963,-43.801453
AWI0001a26,J064910.34+064009.5,102.293141,6.669363
AWI0005x05,J064913.53-464234.2,102.3064251,-46.70951943
AWI00042bj,J064930.10-055715.8,102.3754167,-5.954388889
AWI0004nll,J064953.82-114210.7,102.4742728,-11.70299412
AWI0001a2b,J065102.18+044859.2,102.7590795,4.816451979
AWI0003m2g,J065212.53-053630.6,103.0522311,-5.6085053
AWI0002d9y,J065309.87+104045.8,103.2911461,10.67940433
AWI0003m2i,J065313.12-055722.2,103.3046904,-5.956178998
AWI0002da0,J065314.15+103525.8,103.3089591,10.59049404
AWI00055zv,J065328.80+305504.2,103.3700626,30.91782824
AWI00055zw,J065407.58+323040.8,103.5315865,32.51132912
AWI0005n6p,J065422.01-220709.7,103.591645,-22.119383
AWI0005n6t,J065440.34-220321.0,103.6680902,-22.05584924
AWI0005e95,J065601.97+161321.4,104.008155,16.222662
AWI0005n6y,J065617.24-235137.6,104.0718728,-23.8604498
AWI0005x0g,J065617.87-383634.6,104.0744342,-38.60960593
AWI00055zy,J065732.81+282611.3,104.386669,28.436451
AWI00042c6,J065858.78-120311.8,104.7449678,-12.0532972
AWI0005yuy,J070016.72-605145.6,105.0696835,-60.8626885
AWI0005e9g,J070240.89+114104.0,105.6703977,11.68443285
AWI0002da8,J070410.44+074801.8,106.043481,7.8005262
AWI0000xg7,J070530.77-051931.5,106.3782272,-5.32541871
AWI0005x0t,J070612.35-513640.8,106.5514322,-51.61134506
AWI00063ca,J070803.70-370314.3,107.0154482,-37.053987
AWI0003cwu,J070805.13-115953.1,107.0214147,-11.9980947 
AWI0005zoa,J070908.11-770547.5,107.2838602,-77.09651631
AWI0005e9r,J071251.47+050457.3,108.2144628,5.082604217
AWI0005yvb,J071311.43-705714.6,108.2976647,-70.9540603
AWI0005x19,J071347.75-463458.5,108.4490008,-46.58292759
AWI0001a2z,J071416.65-045737.9,108.5693938,-4.9605383
AWI0002dah,J071452.82+031559.0,108.7200927,3.266414575
AWI00063cz,J071457.15-412534.9,108.7382,-41.4264
AWI00023rj,J071459.25-012231.9,108.746751,-1.375554
AWI00063d1,J071521.80-380233.5,108.840749,-38.042674
AWI0002dak,J071548.15-000125.6,108.9506576,-0.023789858
AWI000560m,J071745.28+093135.2,109.4388571,9.526425247
AWI0003m4r,J071751.08-185258.1,109.4628333,-18.88280556
AWI0002p44,J071803.81-134138.0,109.5158675,-13.69388658
AWI0005x1p,J071810.11-520157.9,109.5421343,-52.03276938
AWI0005x1r,J071932.99-572655.8,109.8874623,-57.44881684
AWI0003cx3,J071950.37-174824.4,109.9598976,-17.8068003
AWI0002dao,J072009.64-022431.9,110.0402516,-2.408951775
AWI0005x1t,J072022.92-561740.0,110.0954375,-56.29439145
AWI0002dap,J072024.24-022335.0,110.1027646,-2.395558955
AWI0002p47,J072104.75-142440.0,110.2697806,-14.41112606
AWI0005x1z,J072253.36-504042.7,110.7220987,-50.67849505
AWI0000zub,J072325.40-124000.7,110.8558909,-12.66686425
AWI0000xgm,J072337.74-140600.6,110.9072573,-14.1001734 
AWI00063di,J072348.23-442747.3,110.950927,-44.463152
AWI0004noh,J072631.38-292854.3,111.627737,-29.47979106
AWI0005na1,J072644.77-364037.8,111.6865425,-36.67717919
AWI0003m5m,J072844.94-232411.8,112.18725,-23.40327778
AWI00063e9,J073037.62-472506.6,112.6567663,-47.41850713
AWI0005c45,J073155.59+385345.6,112.9815925,38.89596747
AWI0004now,J073222.80-311128.4,113.0950384,-31.19123231
AWI00063er,J073423.21-420425.7,113.5967196,-42.0738072
AWI0005cuq,J073641.28+593614.4,114.172058,59.60399696
AWI0005cur,J073732.43+603219.1,114.3851659,60.53863482
AWI00063f7,J073846.99-444947.8,114.695669,-44.82996
AWI00023rz,J074140.53-133342.5,115.41907,-13.561734
AWI0005x2l,J074142.72-601655.2,115.4279826,-60.28198983
AWI0005nbw,J074155.82-420222.2,115.4826108,-42.0395002
AWI0005nc7,J074402.47-384904.4,116.01026,-38.81791
AWI00063g0,J074629.10-465630.1,116.621286,-46.9417
AWI0001qvg,J074758.84-192412.7,116.9952365,-19.40358218
AWI0005yw8,J074850.19-764623.7,117.2092456,-76.77317613
AWI0004epb,J074926.05-344302.1,117.3585661,-34.71725151
AWI0004epe,J075136.61-350337.3,117.9025576,-35.0603822
AWI0005x38,J075329.30-620644.6,118.372275,-62.112265
AWI00023s7,J075353.25-190830.0,118.4734139,-19.14341513
AWI0002dbg,J075519.74-181118.8,118.832266,-18.188681
AWI00042f6,J075558.35-345625.6,118.993125,-34.94044444
AWI0004epp,J075636.08-365515.5,119.1503333,-36.92097222
AWI0005x3c,J075644.42-591844.2,119.185125,-59.312297
AWI0005c4l,J075655.34+142833.9,119.2306126,14.47607942
AWI0004eps,J075734.00-364506.1,119.3916948,-36.751695
AWI0005ebg,J075750.54-144239.6,119.4606244,-14.71099638
AWI0001a48,J075806.92-242457.4,119.5277856,-24.41884862
AWI0005ai6,J075830.33+025608.9,119.6263981,2.935822249
AWI0005ebj,J075914.46-112741.0,119.810286,-11.46142
AWI0005nek,J080011.29-463104.1,120.047089,-46.517839
AWI0005c4o,J080049.11+124042.3,120.2046279,12.67843268
AWI0005nes,J080114.93-472106.7,120.3122303,-47.35185594
AWI0004eq6,J080138.61-393522.1,120.4108829,-39.58947656
AWI0003m7s,J080336.85-354954.7,120.9035417,-35.83186111
AWI00063hu,J080451.18-545921.8,121.2132605,-54.9894139
AWI0005nf6,J080452.92-473700.8,121.2204919,-47.6168747
AWI0005nf7,J080457.14-453731.9,121.2381069,-45.62551435
AWI0004eqd,J080510.47-391202.1,121.2936525,-39.20057639
AWI0004eqe,J080517.24-403642.4,121.3218745,-40.6117942
AWI0005626,J080529.17-100722.9,121.3715642,-10.12306354
AWI0005nfl,J080632.38-491207.3,121.6349123,-49.20203101
AWI0001qvw,J080708.33-252437.7,121.7839145,-25.41139937
AWI0005x3s,J080822.18-644357.3,122.0924439,-64.7326099
AWI0002dbp,J080825.61-220345.4,122.106963,-22.062867
AWI0004eqt,J081004.32-411345.0,122.518,-41.22916667
AWI0005ng4,J081023.72-480356.3,122.5988133,-48.06565382
AWI00042gd,J081223.35-403953.2,123.0972917,-40.66477778
AWI0005ngl,J081254.97-501417.0,123.2290066,-50.23805085
AWI0005ngs,J081322.13-493910.7,123.3422406,-49.652994
AWI00042gj,J081348.95-412704.1,123.4539583,-41.45113889
AWI0004er4,J081404.85-431122.1,123.5202253,-43.1894845
AWI0003m8g,J081439.66-390501.9,123.66525,-39.08386111
AWI00042gs,J081646.68-420608.0,124.1945164,-42.10221015
AWI0005aij,J081709.59-032149.4,124.2899728,-3.3637592
AWI00063iv,J081734.18-584150.7,124.392055,-58.697403
AWI0005nhg,J081832.12-524223.9,124.633937,-52.706676
AWI0005ywr,J081844.48-750052.8,124.6853384,-75.01470399
AWI00042h2,J081916.28-415216.4,124.8178333,-41.87122222
AWI0001a4u,J082007.57-311614.7,125.0315766,-31.27073627
AWI00063iy,J082053.67-622336.3,125.2236756,-62.3934171
AWI0004nvc,J082456.82-485423.5,126.236906,-48.906592
AWI0005nih,J082519.65-510658.4,126.331875,-51.11622222
AWI0003m9s,J082545.17-415026.6,126.4381813,-41.8407184
AWI0004esg,J082637.02-462550.7,126.6533769,-46.43367922
AWI0003m9x,J082655.66-424957.0,126.7319264,-42.83252064
AWI0001a51,J082705.55-345118.5,126.7747337,-34.85550894
AWI0005niu,J082742.94-510525.6,126.9289312,-51.090451
AWI0005x4e,J082907.15-731928.6,127.2798225,-73.3246152
AWI0002p5u,J082932.61-391458.6,127.385875,-39.24961111
AWI0005nj7,J082935.21-552500.6,127.3966893,-55.41681221
AWI0005nj8,J082950.51-541947.1,127.4604698,-54.3297677
AWI0003501,J082955.14-404639.0,127.4797782,-40.7775262
AWI0001a5a,J082957.79-353221.1,127.4907723,-35.53919324
AWI0001a5a,J082957.79-353221.1,127.4907723,-35.53919324 
AWI00023sj,J083004.47-315107.8,127.5186382,-31.85214868
AWI0005d88,J083100.44+185806.0,127.7518037,18.96837018
AWI0002p5y,J083220.83-395745.9,128.0867917,-39.96275
AWI0005ecl,J083310.13-260219.4,128.2922371,-26.03874024
AWI0005njt,J083331.54-563153.5,128.3814532,-56.5315329
AWI0005njv,J083358.28-520913.9,128.4928372,-52.15386603 
AWI0002vir,J083401.27-421340.2,128.5052917,-42.22783333
AWI0005njy,J083409.56-530417.3,128.5398603,-53.07145911
AWI0002p66,J083433.90-402827.2,128.6412519,-40.47421692
AWI00042j1,J083437.45-454029.4,128.6560417,-45.67483333
AWI0004et4,J083455.07-481533.9,128.7294645,-48.2594312
AWI0003mbb,J083553.03-444116.2,128.9709583,-44.68783333
AWI0002dcg,J083625.23-311657.3,129.1082026,-31.28066018
AWI0000xif,J083720.33-395130.2,129.3347122,-39.8583935
AWI0000xii,J083729.95-393632.6,129.3747921,-39.60908178
AWI0000xim,J083824.64-395346.0,129.6026815,-39.8961149
AWI0000xis,J083914.38-400956.6,129.8099425,-40.1657345
AWI00023sp,J083932.42-334301.7,129.8850752,-33.7171176
AWI0005x4p,J083948.65-691828.3,129.9526373,-69.30783176
AWI0001qwn,J084027.15-362813.2,130.113125,-36.47033333
AWI0004yqp,J084029.12-414538.0,130.1213347,-41.76056402
AWI0001qwp,J084122.01-354514.4,130.3417254,-35.75399744
AWI0005x4u,J084204.14-743633.0,130.51656,-74.609207
AWI00063k4,J084229.23-593137.9,130.6217099,-59.52727568
AWI0004yrj,J084633.07-423358.2,131.6378464,-42.56623414
AWI000563g,J084639.68-224144.6,131.6653359,-22.69572962
AWI0005x53,J085048.97-740631.4,132.7040621,-74.10873594
AWI0004eup,J085145.42-505431.8,132.93925,-50.90883333
AWI0005yx4,J085153.34-772128.8,132.9723202,-77.35793008
AWI00023t4,J085315.44-370109.4,133.3143392,-37.0192863
AWI0004euy,J085338.25-515141.7,133.409375,-51.86158333
AWI0000xkq,J085538.70-434055.9,133.9112703,-43.68219803
AWI000563u,J085554.73-214812.2,133.9780629,-21.80341768
AWI0003d29,J085758.59-481023.7,134.494212,-48.173342
AWI00042lw,J085815.07-510244.0,134.5627917,-51.04555556
AWI000563x,J085817.56-262407.7,134.5731889,-26.4021421
AWI000352t,J090115.76-474251.9,135.3156933,-47.7144246
AWI0001qxk,J090147.10-412332.4,135.4463,-41.39245 
AWI0005x5e,J090310.50-735824.9,135.7937279,-73.97358976
AWI0005d8u,J090550.30+642450.5,136.4596087,64.4140233
AWI0005x5i,J090617.08-722740.0,136.571235,-72.4611
AWI0003mgt,J090657.05-503855.8,136.7377083,-50.64883333
AWI0002p98,J090808.89-480825.1,137.037049,-48.14033537
AWI0001a7j,J090844.61-441505.6,137.185875,-44.25155556
AWI0002ddi,J091136.54-383518.7,137.901747,-38.588845
AWI000564h,J091221.86-285651.1,138.091287,-28.947557
AWI000564h,J091221.86-285651.1,138.091287,-28.947557 
AWI0005x5p,J091322.80-781342.3,138.3449038,-78.22840586
AWI0004o1g,J091414.65-580620.3,138.5610721,-58.10566265
AWI0005x5t,J091436.41-730427.9,138.6517155,-73.0744205
AWI0005x5u,J091540.95-721038.0,138.9204949,-72.17722882
AWI0005x5v,J091557.78-721344.4,138.9907635,-72.2290268
AWI00042o2,J091640.10-543921.1,139.1670539,-54.65585412
AWI00063m9,J091715.45-683451.5,139.31459,-68.580993
AWI00063mc,J091802.19-660922.6,139.509131,-66.156304
AWI00063md,J091820.67-660208.1,139.5861715,-66.0356181 
AWI0005edx,J091831.89-390237.5,139.63281,-39.04374408
AWI00063mg,J092008.20-695908.8,140.0341667,-69.98577778
AWI0000xmw,J092113.12-485908.1,140.3046667,-48.98558333
AWI0001qyj,J092403.76-454138.2,141.0156948,-45.6939465
AWI0005x65,J092526.79-734109.2,141.3616623,-73.6859089
AWI0001a8y,J092617.39-475033.2,141.5724583,-47.84255556
AWI0005npg,J093106.10-634146.2,142.7755048,-63.6961973 
AWI0005x6b,J093124.96-733103.8,142.8540144,-73.51774115
AWI0005dm5,J093223.52+114603.1,143.0980308,11.76754329
AWI0005x6d,J093249.16-724034.0,143.2048514,-72.67612791
AWI0005dm9,J093357.93+451710.9,143.4913379,45.28632092
AWI0005x6g,J093407.30-792228.5,143.5304126,-79.37461721
AWI0002des,J093558.07-433219.3,143.99203,-43.538552
AWI0005nq0,J093605.12-645700.5,144.021269,-64.949941
AWI0005ef4,J093817.74-425736.5,144.5712829,-42.96240366
AWI00063nd,J093845.16-665132.2,144.688119,-66.858901
AWI0005ef6,J093900.92-400748.9,144.7519442,-40.13225144
AWI0003mkt,J094003.26-560338.4,145.0135833,-56.06066667
AWI0005ef9,J094201.36-421657.2,145.5055848,-42.28255208
AWI0005efd,J094415.89-430158.2,146.0662317,-43.0328569
AWI0002pbw,J094435.39-535025.3,146.1474583,-53.84036111
AWI0005duu,J094902.82+340506.9,147.2617064,34.08516152
AWI0003d75,J094926.59-561429.7,147.3607917,-56.24158333
AWI0004o5e,J094927.50-605740.7,147.3645453,-60.96130027
AWI000565b,J095001.48-401008.2,147.5061145,-40.16895289
AWI000565b,J095001.48-401008.2,147.5061145,-40.16895289 
AWI0005x6w,J095008.25-741214.2,147.5342888,-74.20394269
AWI0005efo,J095149.76-440713.7,147.957106,-44.120523
AWI0005x6z,J095241.41-784719.2,148.1726791,-78.7886869
AWI0005duz,J095359.12+274143.5,148.4962731,27.695442
AWI0002vpv,J095418.04-560734.4,148.5751039,-56.126252
AWI0002pcz,J095453.69-545755.6,148.7237083,-54.96544444
AWI0004yx6,J095548.30-540356.1,148.95125,-54.06558333
AWI0005efu,J095736.93-423019.5,149.4038874,-42.5054245
AWI0001qzd,J095837.31-505933.8,149.6554354,-50.99274789
AWI0005c5n,J100046.23-281350.2,150.192676,-28.230574
AWI000565q,J100114.69-392702.5,150.3111784,-39.45069863
AWI000565q,J100114.69-392702.5,150.3111784,-39.45069863 
AWI0003mpb,J100343.64-585609.9,150.9318498,-58.9360876
AWI0005nsp,J100554.03-660933.2,151.475125,-66.15922222
AWI00042vp,J100726.54-603713.0,151.8605833,-60.62027778
AWI0003mqw,J100755.51-584630.7,151.9812917,-58.77519444
AWI0002pe7,J100813.99-563057.5,152.058335,-56.5159948
AWI00042vx,J100909.31-602458.1,152.2888,-60.4162
AWI0005662,J100945.43-374355.6,152.4392853,-37.73213745
AWI0005c5q,J101209.03-312445.4,153.0376692,-31.41260671
AWI00042ww,J101557.00-602343.8,153.9875,-60.3955
AWI000566d,J102011.46-435200.5,155.0477893,-43.86683083
AWI00023wb,J102453.15-523305.9,156.2213945,-52.5516331
AWI0005cvz,J102554.97-212935.9,156.479097,-21.493338
AWI0005akl,J102636.36-343431.1,156.6515402,-34.57534491
AWI0001r0u,J102727.74-535716.4,156.865622,-53.9545827
AWI000566m,J102822.12-410049.1,157.0951952,-41.01162102
AWI0004f4h,J103157.79-624549.4,157.9907917,-62.76372222
AWI0003mze,J103400.65-610342.1,158.5027123,-61.0617157
AWI0004328,J103436.62-625009.2,158.6525524,-62.83590065
AWI00023wn,J103602.57-530051.1,159.0106923,-53.01419852
AWI00001q1,J103639.06-135520.7,159.1628,-13.9224
AWI000566y,J103855.23-425236.9,159.730136,-42.876899
AWI00063qb,J104532.34-750028.7,161.3847915,-75.0079727
AWI0005d9t,J104737.93-151543.1,161.9080574,-15.2619525
AWI00063qm,J105132.32-730815.7,162.884332,-73.137664
AWI000567f,J105437.45-435531.8,163.656077,-43.925521
AWI0000umn,J105523.46+491009.5,163.8477607,49.1693164
AWI0003n8o,J105811.44-623037.6,164.5476667,-62.51044444
AWI000567p,J105916.97-475244.3,164.8207506,-47.8789731
AWI0005eis,J110049.74-520430.0,165.2061929,-52.07310787
AWI0004oee,J110055.37-661335.3,165.2307212,-66.2264756
AWI0005x87,J110125.84-764507.1,165.3573925,-76.7520503
AWI0005c62,J110251.42-341402.6,165.7142513,-34.23406174
AWI0004f9r,J110535.54-652332.3,166.3980833,-65.39230556
AWI0005cw8,J110815.27-281405.5,167.0635557,-28.2348846
AWI0005nx7,J111010.54-685429.2,167.5439167,-68.90811111
AWI00023zw,J111346.66-553037.5,168.444355,-55.51041638
AWI0001akw,J111630.56-581653.0,169.1273221,-58.28136862
AWI0005c66,J111633.77-385934.1,169.1406726,-38.99281944
AWI0004far,J111658.64-650856.5,169.2443333,-65.14902778
AWI000240a,J111711.72-554903.1,169.2988567,-55.8175535
AWI00043ar,J111758.09-640233.3,169.491965,-64.04260043
AWI0005cwg,J111925.92-301922.9,169.8579915,-30.32305847
AWI0004fb2,J111933.81-651910.1,169.890875,-65.31947222
AWI0005da8,J112256.98-203731.7,170.7373585,-20.62547953
AWI0003njd,J112417.11-633310.0,171.0712917,-63.55277778
AWI0003nl9,J112825.00-641714.2,172.1041667,-64.28727778
AWI00063t9,J113029.84+485608.4,172.6243731,48.9356539
AWI000569a,J113113.97-502320.1,172.80828,-50.388964
AWI0005nyq,J113219.05-691158.7,173.0794072,-69.1996544
AWI0005nyu,J113347.05-694817.0,173.445479,-69.8047
AWI0005elc,J113348.88-515742.0,173.4536998,-51.9616745
AWI0005ele,J113357.79-522659.6,173.4908674,-52.4499187
AWI0003nmh,J113409.28-640019.8,173.5386667,-64.0055
AWI0005c6i,J113703.36-394745.4,174.2639991,-39.79592379
AWI0005elp,J113741.74-532802.3,174.42398,-53.467277
AWI0005elq,J113757.56-535003.8,174.4897662,-53.83441649
AWI00063ti,J113918.70-734847.4,174.8279201,-73.8131806
AWI0005cwk,J113933.75-304000.6,174.8905186,-30.66687612
AWI0005nzl,J114125.22-701839.8,175.3550949,-70.3110646
AWI0002dny,J114401.39-552327.0,176.0057347,-55.3908537
AWI0005nzy,J114528.48-713612.5,176.3685835,-71.60351151
AWI00056aa,J114529.72-512423.8,176.3721917,-51.40551054
AWI0002do7,J114622.92-562242.4,176.5954892,-56.37843391
AWI0001ra1,J115124.75-585117.6,177.8531489,-58.8548962
AWI00056av,J115412.34-492616.4,178.5514167,-49.43788889
AWI0005am7,J115528.18-422708.7,178.8674,-42.4524
AWI0005enz,J120431.94-541647.9,181.1330833,-54.27997222
AWI0005o25,J120723.07-715626.9,181.8461533,-71.9408211 
AWI00056c4,J120906.35-510848.2,182.2764396,-51.14674563
AWI0005o2d,J120910.62-714057.2,182.29425,-71.68255556
AWI00056ck,J121456.32-475654.6,183.7346146,-47.94855216
AWI0003o0n,J121732.88-643821.7,184.387,-64.63936111
AWI0005c6x,J121813.08-374102.3,184.5544984,-37.68396465
AWI0003o2r,J122314.48-645940.6,185.8103333,-64.99461111
AWI0005xa6,J122418.28-782122.2,186.0761687,-78.356167
AWI00056da,J122459.53-501131.0,186.2482872,-50.19190583
AWI00056ds,J122900.14-503852.8,187.2505557,-50.64803849
AWI0002477,J123046.21-581116.8,187.6925034,-58.18805298
AWI00056du,J123114.98-494037.5,187.8124219,-49.6770902
AWI0004oqr,J123138.06-691457.4,187.9086117,-69.2492782
AWI0002wjj,J123311.77-635340.1,188.2990417,-63.89447222
AWI00035yk,J123432.89-633739.3,188.6370417,-63.62758333
AWI0005o43,J123446.11-701925.8,188.6921082,-70.32378032
AWI0005cx4,J123715.01-350606.0,189.3125947,-35.10171512
AWI0004fkr,J123950.34-673253.2,189.95975,-67.54811111
AWI0005do3,J124332.98-135134.7,190.8874202,-13.85966788
AWI0004osf,J124500.32-690147.8,191.2514,-69.0299
AWI0001b6j,J124705.67-600421.4,191.773625,-60.07261111
AWI0004ot3,J125209.98-690449.8,193.0415833,-69.0805
AWI0001rl4,J125524.16-591649.5,193.8506667,-59.28041667
AWI00056fr,J125548.68-520709.1,193.9528436,-52.1192114 
AWI0001rl9,J125555.19-592348.8,193.9799583,-59.39688889
AWI0001b9x,J125633.52-602535.8,194.1396667,-60.42661111
AWI0005o67,J125935.87-705005.1,194.89939,-70.83478318
AWI0005xam,J125942.82-795648.2,194.9282836,-79.94676755
AWI0005yy1,J130019.60-861042.3,195.082554,-86.178401
AWI00056g4,J130105.61-484406.1,195.2734062,-48.7350411
AWI0005xan,J130126.47-810055.5,195.3601912,-81.01544548
AWI00010zu,J130151.49-614103.8,195.4645587,-61.6843925
AWI0002e0d,J130455.14-555836.5,196.229754,-55.976832
AWI0002e0p,J130606.08-571031.8,196.5253333,-57.1755
AWI0005o6u,J130718.39-712232.4,196.826659,-71.3756926
AWI0005xau,J130756.40-821749.7,196.984672,-82.297205
AWI00063yb,J131054.36-744147.9,197.72653,-74.696673
AWI0005ewz,J131606.04-550720.6,199.0251958,-55.1223943
AWI0005xb0,J131612.67-775001.3,199.052839,-77.83369955
AWI0005ex3,J131629.94-540523.3,199.1247694,-54.0898284
AWI0005ex7,J131712.16-550402.2,199.3006269,-55.06731231
AWI0005xb1,J131717.86-824631.3,199.3243766,-82.77536441
AWI0005exb,J131722.05-551534.0,199.3419122,-55.2594545
AWI0005o7o,J131750.05-701144.6,199.4585417,-70.19572222
AWI0005apf,J131939.13-425309.6,199.9130417,-42.886
AWI00056i5,J132026.77-491325.4,200.1115085,-49.22375437
AWI00056ia,J132131.70-491309.6,200.3821048,-49.219345
AWI0004fqe,J132140.23-664947.3,200.417668,-66.8298348
AWI00056id,J132258.78-512156.8,200.7449332,-51.3657922
AWI0005eyc,J132421.88-535958.4,201.0911436,-53.99958542
AWI0005apj,J132500.59-435520.9,201.2524212,-43.92250513
AWI0002e4i,J132654.66-555935.6,201.727761,-55.9932314
AWI0002e4r,J132741.01-560931.0,201.9208598,-56.15863393
AWI0004owv,J132743.24-680617.8,201.9301919,-68.1049668
AWI00056j9,J132753.07-511428.7,201.9710863,-51.24133387
AWI0005ez3,J132814.23-551232.9,202.057866,-55.20861634
AWI0005yy4,J132925.59-850845.1,202.3566503,-85.1458877
AWI0005xb9,J133136.69-813330.8,202.9024445,-81.55856615
AWI0005aq0,J133239.21-442701.0,203.163522,-44.450299
AWI0001bzd,J134123.37-595323.2,205.347375,-59.88977778
AWI0005dop,J134152.73-185905.5,205.4696687,-18.98488701
AWI0005aqi,J134413.08-424734.4,206.0547048,-42.79046722
AWI0005cxs,J134545.95-344442.7,206.4414398,-34.74523925
AWI0001c1b,J134626.51-592154.0,206.6104583,-59.365
AWI00056m9,J134752.41-490950.4,206.968423,-49.164009
AWI00056mg,J134910.46-481831.5,207.2935856,-48.30877194
AWI0005f34,J134926.58-544455.0,207.3580093,-54.74732922
AWI0005f36,J134940.19-533206.2,207.4174693,-53.5350572
AWI0000753,J135047.89-294610.2,207.6995917,-29.76958218
AWI0005f42,J135331.70-523004.9,208.382074,-52.50137701
AWI0005f4c,J135518.84-533142.8,208.828486,-53.5286141
AWI0005dcl,J135659.30-230613.2,209.2471346,-23.10371774
AWI00044ba,J135930.75-653538.1,209.878125,-65.59391667
AWI00044bx,J140202.74-651214.4,210.5114167,-65.204
AWI0005f5v,J140353.79-534628.3,210.9740991,-53.77456136
AWI0005f67,J140547.62-515242.2,211.4484213,-51.8783962
AWI0005asb,J140610.14-411029.1,211.5422175,-41.17478288
AWI0005obu,J140709.06-702951.9,211.78775,-70.49775
AWI0005dp4,J140713.82-161125.6,211.80758,-16.19046
AWI00056pj,J140740.77-484214.7,211.920047,-48.704091
AWI0005c9i,J140926.42-372525.6,212.360047,-37.423811
AWI0001caf,J140927.46-585130.7,212.3644167,-58.85852778
AWI00056qa,J141059.52-480517.2,212.748336,-48.088103
AWI0005asu,J141141.56-445646.6,212.9231902,-44.94627771
AWI0004p2x,J141230.14-671029.9,213.125624,-67.174992
AWI00056qt,J141316.44-463742.0,213.318505,-46.628319 
AWI000641x,J141635.61+135935.0,214.148396,13.993035
AWI0005dpc,J141728.11-171952.4,214.3671368,-17.3312316
AWI00044f6,J141938.54-644713.5,214.9105833,-64.78708333
AWI0005dd5,J142017.91-233454.7,215.0746558,-23.5818665
AWI0002ehw,J142036.59-535321.8,215.1524758,-53.8894149
AWI0005dpe,J142132.79-102216.3,215.386595,-10.37125329
AWI0005ca0,J142148.44-384051.2,215.4518294,-38.68092874
AWI0004p4l,J142427.36-664130.6,216.114,-66.69183333
AWI0005xbz,J142913.80-801526.2,217.307478,-80.257341
AWI0005cab,J143054.95-362639.1,217.7289909,-36.44421437 
AWI0001cj2,J143220.55-572611.7,218.085625,-57.43658333
AWI00056tz,J143533.93-442659.3,218.891321,-44.449899
AWI0000w9x,J144313.04+014928.7,220.8043303,1.824633899
AWI00056vj,J144332.50-461412.5,220.8853931,-46.23683199
AWI0005cay,J144341.42-353501.7,220.9226215,-35.5838229
AWI0005cyr,J144458.63-280251.9,221.2442631,-28.04771274
AWI0005cyy,J144833.42-302647.4,222.1391613,-30.44648669
AWI0005xcd,J144912.51-803345.2,222.3020183,-80.5625797
AWI0006440,J144928.67+193037.3,222.3694132,19.51033511
AWI0005ogj,J145058.61-672005.4,222.7399361,-67.33311499
AWI0005aw0,J145123.56-373138.1,222.8481686,-37.52727146
AWI0006444,J145218.87+290134.2,223.0785748,29.02621576
AWI0005dpu,J145351.42-090509.4,223.4642983,-9.085982259
AWI0005cz5,J145722.02-271914.9,224.3417503,-27.32083741
AWI0005de3,J145732.88-200753.7,224.3870007,-20.13161274
AWI00000o6,J145732.88-200753.7,224.3870007,-20.13161274 
AWI0000s6v,J145733.55+071354.7,224.3898,7.231866
AWI0005de4,J145736.63-123816.8,224.402683,-12.638028
AWI00044on,J145921.89-623032.0,224.841281,-62.508885
AWI0005fgf,J145955.35-495754.3,224.980606,-49.96510938
AWI00011zu,J150140.79-572305.9,225.4199583,-57.38497222
AWI0001cvf,J150146.89-555605.5,225.445375,-55.93486111
AWI00056yi,J150158.52-455054.7,225.493784,-45.84858189
AWI0005yyc,J150202.94-815849.3,225.5122793,-81.9803805
AWI00044qg,J150238.90-631122.4,225.6620749,-63.18956716
AWI0002er6,J150246.18-520750.5,225.6924167,-52.13069444
AWI00056yr,J150348.02-454744.2,225.9500387,-45.79568116
AWI0005awy,J150458.34-374120.8,226.2430702,-37.68916351
AWI0002eru,J150522.52-510107.1,226.3438333,-51.01863889
AWI0002eru,J150522.52-510107.1,226.3438253,-51.01870897 
AWI0005fhm,J150634.98-492235.1,226.6457723,-49.3764444
AWI0005czg,J150706.30-284923.3,226.7762328,-28.82319252
AWI000645d,J150721.30-744059.8,226.8387901,-74.6832925
AWI0005cbh,J150724.93-345130.6,226.8538929,-34.85853616 
AWI00044s0,J150728.69-620933.3,226.8695417,-62.15925
AWI00056zc,J150801.06-434245.3,227.004544,-43.712583
AWI00044sa,J150833.17-623548.6,227.1382083,-62.59683333
AWI0000uji,J151147.67+101259.8,227.9486115,10.21666645
AWI0005axg,J151219.53-345803.8,228.0813925,-34.96776819
AWI0002etg,J151226.98-495925.9,228.1124429,-49.99055977
AWI0002etw,J151354.87-514127.2,228.4786453,-51.6909047
AWI0005axk,J151409.87-382931.3,228.5410368,-38.49208627
AWI0001d1g,J151456.27-543742.2,228.7344583,-54.62838889
AWI0005xcw,J151459.49-804547.0,228.7477005,-80.76308689
AWI0005dql,J151839.01-001004.2,229.6625228,-0.167869749
AWI0005ay4,J152108.82-333131.8,230.28675,-33.5255
AWI0005yye,J152127.78-832110.9,230.3657606,-83.35305268
AWI00037bl,J152204.98-581516.8,230.52075,-58.25466667
AWI0005cbz,J152510.87-293522.1,231.2953201,-29.5894746
AWI0005dqv,J152512.47+634906.5,231.3019584,63.81850283
AWI000572j,J152621.36-441457.7,231.58883,-44.249134
AWI0002exw,J152713.55-492716.5,231.806377,-49.454614
AWI000572x,J152835.51-413254.9,232.1479935,-41.5486014 
AWI0005yyf,J152838.31-843429.0,232.1596817,-84.57473148
AWI0001su4,J152924.55-515609.3,232.3522917,-51.93591667
AWI0000v1z,J152954.11+234901.6,232.4754379,23.81707388
AWI000573c,J153007.46-383507.7,232.531079,-38.58552989
AWI0005d06,J153328.51-224138.7,233.368965,-22.694152
AWI0005az9,J153410.06-331017.1,233.542191,-33.171455
AWI000450v,J153414.45-604828.9,233.560489,-60.8082
AWI0000u4v,J153418.48+281429.3,233.5770332,28.24146508
AWI0005747,J153420.82-392057.5,233.5867355,-39.34936023
AWI0002r8t,J153436.46-561040.3,233.6519471,-56.1778692
AWI0000t35,J153456.23+335145.2,233.7342887,33.86255607
AWI0005dr4,J153514.06+651640.2,233.8086067,65.2778838
AWI0005xdb,J153557.35-790509.7,233.9888973,-79.08606725
AWI0005dr8,J153642.55+145529.0,234.1772945,14.92470377
AWI000574t,J153721.03-401646.4,234.3374493,-40.28272715
AWI0005xde,J153935.26-753557.8,234.8969568,-75.5994011
AWI00012g1,J153957.47-533423.8,234.989494,-53.5733033
AWI000575i,J154239.99-411039.9,235.666625,-41.17775
AWI0005fsc,J154639.91-421801.4,236.6688341,-42.30021677
AWI0005fsr,J154752.90-442605.2,236.9688319,-44.43339389
AWI0005cd4,J154850.77-234109.3,237.2115428,-23.68598522
AWI000577m,J154952.81-393633.0,237.4700417,-39.60916667
AWI0005b0t,J155044.35-333949.1,237.6848,-33.6637
AWI00025ay,J155323.89-473437.1,238.3495417,-47.57697222
AWI0005fv0,J155339.45-425032.2,238.4143879,-42.84227946
AWI0002f8h,J155602.53-451328.7,239.0105417,-45.22463889
AWI0005cdq,J155604.27-213131.1,239.0177698,-21.52536299
AWI0005cdr,J155609.04-235336.4,239.0377,-23.8935
AWI0005b1h,J155809.86-315352.2,239.5411139,-31.8978549
AWI00025d7,J155836.10-474532.9,239.6504167,-47.75913889
AWI00025dh,J155909.32-464006.0,239.7888333,-46.66833333
AWI0005b1p,J155912.21-303723.6,239.800882,-30.623233
AWI0001dr2,J155925.76-495842.2,239.8573333,-49.97838889
AWI0005ce6,J155929.20-223617.6,239.8716598,-22.60494786
AWI0001t6m,J155939.09-485705.9,239.912875,-48.95163889
AWI0002fa7,J155954.76-461757.0,239.978133,-46.29924857
AWI00057aj,J160022.32-385937.9,240.0929967,-38.99392469 
AWI0005dse,J160148.26+345142.6,240.4510533,34.86187396
AWI0002fb7,J160243.41-453615.5,240.680875,-45.60430556
AWI0005fzs,J160415.52-405040.9,241.064645,-40.844712
AWI0002fbw,J160439.63-452647.5,241.165125,-45.44652778
AWI0005cey,J160455.45-205400.2,241.2310256,-20.90010304
AWI0005g10,J160633.20-391534.4,241.6383064,-39.25961028
AWI0005cfl,J160729.53-230822.5,241.8730493,-23.1395967
AWI00025gl,J160744.04-463131.6,241.9295693,-46.52430619
AWI0005cg6,J160958.04-222435.0,242.4918335,-22.40980276
AWI0005b2x,J161009.89-243457.7,242.5410697,-24.58256271
AWI0005g3c,J161052.21-401811.7,242.7175417,-40.30325
AWI0005dst,J161055.48+320010.9,242.7311486,32.00301963
AWI0001tdb,J161146.56-460601.5,242.944,-46.10041667
AWI0005cgr,J161221.82-193444.8,243.0909302,-19.57914712
AWI0005xe7,J161244.35-740553.7,243.1848205,-74.09827337
AWI0001tf4,J161443.82-461501.5,243.6825833,-46.25041667
AWI0005b3o,J161508.08-243518.4,243.7836228,-24.5885574
AWI0005ch4,J161513.76-203835.6,243.8073482,-20.643222
AWI0005ch8,J161547.50-153538.1,243.9479069,-15.59392452
AWI0005g6o,J161744.69-374355.4,244.4362083,-37.73205556
AWI0005chh,J161853.80-205318.3,244.724274,-20.88852296
AWI0005b5d,J162154.72-275205.6,245.4780069,-27.8682342
AWI0005b5h,J162210.04-213917.5,245.5418264,-21.65491244
AWI0005g98,J162253.08-372437.5,245.7211667,-37.41041667
AWI00057ho,J162257.10-332347.7,245.7379167,-33.39658333
AWI00057hp,J162306.57-322745.2,245.7741706,245.7741706 
AWI0001tl7,J162436.00-445501.9,246.15,-44.91719444
AWI0005b68,J162436.54-230300.3,246.1523307,-23.05019737
AWI0005b6j,J162524.10-214118.9,246.3504276,-21.68862701
AWI0005d20,J162538.19-100502.7,246.4091605,-10.08409244
AWI0005gbh,J162711.73-370617.5,246.798875,-37.10486111
AWI000048i,J162714.36+032557.4,246.809877,3.4326122
AWI00025pj,J162720.35-421209.6,246.8347917,-42.20266667
AWI0001ees,J162846.38-445940.7,247.19325,-44.99463889
AWI0005du6,J162851.39+204157.7,247.2141446,20.69937484 
AWI0005b85,J163020.87-205101.1,247.5869537,-20.85031049
AWI0005b8e,J163107.20-193050.7,247.780051,-19.514112
AWI0005gdw,J163135.67-353834.6,247.898625,-35.64294444
AWI0005duf,J163237.15+355620.1,248.1548214,35.93895997
AWI00057lm,J163248.25-294402.7,248.199646,-29.73591438
AWI0005b92,J163326.50-190513.8,248.360431,-19.087246
AWI0005b96,J163419.94-193907.8,248.5845288,-19.64930828
AWI0005b9d,J163514.61-222943.0,248.810875,-22.49527778
AWI0005b9e,J163519.46-241540.6,248.8311034,-24.2612973
AWI0005yyr,J163547.78-833322.9,248.9490891,-83.5563875
AWI0001enw,J163652.00-432238.2,249.2166667,-43.37727778
AWI0005ciq,J163729.90-115211.7,249.3745484,-11.86996676
AWI0005gia,J163828.70-355309.0,249.619588,-35.8858364
AWI0005dhk,J164021.30+075004.8,250.0887684,7.8346922
AWI0005cj8,J164235.39-111028.9,250.6474164,-11.17474498
AWI0002fzt,J164310.25-353950.4,250.792672,-35.664049
AWI0005gm3,J164318.23-320248.4,250.8259583,-32.04677778
AWI0005xfk,J164319.57-732635.9,250.831737,-73.44331
AWI0005gm5,J164321.78-312745.9,250.84075,-31.46275
AWI00057po,J164325.86-292934.1,250.85775,-29.49280556
AWI0002g09,J164334.80-354516.7,250.8950133,-35.7546396
AWI0002g0m,J164400.19-380506.2,251.00088,-38.084823
AWI0005dus,J164436.47+424340.7,251.1558953,42.729068
AWI0005d2p,J164442.39+021957.8,251.1765997,2.332707869
AWI0002g1a,J164458.57-364955.1,251.2440417,-36.83197222
AWI00057qr,J164548.44-263858.1,251.4518451,-26.64954886
AWI0005bb4,J164555.37-214641.0,251.480631,-21.778081
AWI0002g2g,J164713.37-363515.0,251.8061931,-36.58673413
AWI0005p1x,J164801.11-591633.4,252.004625,-59.27594444
AWI0005bbr,J164811.46-163533.5,252.04775,-16.59263889
AWI0005dhx,J164837.40+351209.3,252.15587,35.20263099
AWI0005p2h,J164946.11-561442.0,252.4421278,-56.24503272 
AWI000261v,J164948.58-371153.9,252.4524527,-37.1983216
AWI0005cjt,J165000.41-074530.5,252.5017271,-7.7584831
AWI0001u4m,J165141.89-375832.3,252.9245417,-37.97563889
AWI0005di7,J165204.85+145827.2,253.020254,14.974229
AWI000028h,J165556.61+241554.0,253.9859381,24.26492235
AWI00064fy,J165632.83-660632.3,254.1368219,-66.1089972
AWI000466x,J165944.32-471800.8,254.9346667,-47.30022222
AWI0005d3d,J170339.30+133618.9,255.9136667,13.60520916
AWI0004qam,J170355.66-495747.6,255.981237,-49.963299
AWI0005cl4,J170440.29-025219.1,256.1679407,-2.871972466
AWI000581h,J170819.08-182241.6,257.0794822,-18.37825065
AWI0005844,J171043.91-220016.7,257.6829627,-22.00467896
AWI0005851,J171146.65-221414.9,257.9444033,-22.2374924
AWI0005hm5,J171351.86-222953.0,258.4660833,-22.49805556
AWI0005bgk,J171423.21-040943.4,258.5967325,-4.162086961
AWI0005ho3,J171430.82-262608.2,258.6284167,-26.43561111
AWI0005bgp,J171436.81-042904.0,258.653319,-4.484492 
AWI0005hpf,J171505.96-213521.5,258.7748333,-21.58930556
AWI0001fyl,J171538.27-335002.3,258.9094807,-33.83404966
AWI0005bh4,J171654.46-071303.4,259.226938,-7.21759
AWI0005bhb,J171721.54-050750.1,259.3397617,-5.130592845
AWI0005hw4,J171754.57-240339.7,259.477375,-24.06102778
AWI0005cm5,J171755.48+085004.5,259.4811751,8.834597298
AWI0005bhs,J171844.28-081850.3,259.6845188,-8.31397086
AWI0005djv,J172007.53+354103.6,260.0313813,35.68436889
AWI0005xgz,J172021.96-645254.5,260.0915255,-64.8818262
AWI0005dk1,J172156.61+551332.4,260.4859173,55.22569895
AWI0005bil,J172234.32-075228.4,260.642891,-7.87446
AWI00046rj,J172331.27-412841.0,260.8802917,-41.47805556
AWI0005ifp,J172438.87-193327.9,261.1619583,-19.55775
AWI0005iga,J172449.03-221714.4,261.2042917,-22.28733333
AWI0005dkc,J172511.81+654416.1,261.2992566,65.73783176
AWI0002idi,J172655.28-255636.7,261.730317,-25.943629
AWI00058mi,J172711.00-131110.0,261.7958233,-13.1861533
AWI0005iso,J172839.77-204820.1,262.1657083,-20.80558333
AWI0005bk2,J172912.43+005605.7,262.3018211,0.934935139
AWI00058ov,J172956.93-125645.4,262.4872083,-12.94594444
AWI00058qk,J173149.09-053951.8,262.954572,-5.66439
AWI000473b,J173345.88-395435.2,263.4411667,-39.90977778
AWI00064nf,J173356.88-562733.4,263.4870292,-56.459299 
AWI00058sn,J173451.09-105932.5,263.712875,-10.99236111
AWI00058vi,J173849.45-104309.5,264.7060417,-10.71930556
AWI00058w0,J173934.54-071127.3,264.8939167,-7.190916667
AWI00058x6,J174114.61-082208.5,265.310854,-8.369053
AWI0005js9,J174137.44-125102.7,265.4045425,-12.85016995
AWI00058xt,J174210.34-014146.6,265.543084,-1.696421
AWI0005jub,J174239.66-114804.9,265.66525,-11.80136111
AWI0005bmv,J174354.18+095555.6,265.9757607,9.9321144
AWI0005jyp,J174445.16-121458.5,266.1881928,-12.2495988
AWI0004rbw,J174445.31-395054.6,266.1887809,-39.84854457
AWI0005jzj,J174521.30-113039.3,266.33875,-11.51091667
AWI0005jzo,J174528.42-095620.0,266.3684167,-9.938888889
AWI000590x,J174736.50-003015.3,266.9021042,-0.504261193
AWI000591k,J174905.83-011744.0,267.2742979,-1.2955569
AWI0005pxl,J174921.33-451212.5,267.338875,-45.20347222
AWI000591w,J174946.03-040135.0,267.4418106,-4.0264147
AWI000592c,J175022.65+023618.8,267.5944013,2.60521246
AWI0005k6q,J175027.27-100430.3,267.613625,-10.07508333
AWI000592e,J175045.46-051948.8,267.6894264,-5.330279249
AWI0005kar,J175331.77-072947.3,268.382375,-7.496472222
AWI000594n,J175348.54-032108.3,268.4522641,-3.3523253
AWI000594w,J175424.92-032637.9,268.6038333,-3.443861111
AWI00064tb,J175444.32-555354.4,268.6847,-55.8985
AWI0005kcp,J175506.07-112258.7,268.7752917,-11.38297222
AWI0005dle,J175626.25+623710.4,269.1094289,62.61952451
AWI0005kht,J175915.82-074355.1,269.8159167,-7.731972222
AWI0005979,J175926.80-005026.2,269.8616667,-0.840611111
AWI00064w9,J180147.40-514049.8,270.4475,-51.6805
AWI0005kla,J180225.11-041400.3,270.604625,-4.233416667
AWI0005d5p,J180230.72+583738.4,270.6279927,58.6273719
AWI0005xkf,J180355.39-603856.6,270.9807917,-60.64905556
AWI0005kns,J180445.57-060927.6,271.189875,-6.157666667
AWI000157z,J180455.23-183816.1,271.230125,-18.63780556
AWI0005bps,J180533.55+182643.9,271.3898126,18.44551383
AWI0005kor,J180544.36-062538.1,271.4348333,-6.42725
AWI0005kow,J180551.63-031712.4,271.465125,-3.286777778
AWI0005kpd,J180617.03-010550.0,271.5709676,-1.0972249
AWI0005qtq,J180729.38-371202.9,271.8724375,-37.2008176
AWI00059b7,J180748.70+070148.2,271.9529553,7.030046337
AWI0005cpn,J180749.21+325716.0,271.955068,32.954504
AWI0005xkx,J180812.34-541644.1,272.051433,-54.27896168
AWI0005xl0,J180841.59-591507.9,272.1733107,-59.25222674
AWI0005cpq,J180842.96+390351.8,272.1789955,39.06439877
AWI0005cps,J180920.34+334957.8,272.334787,33.83273116
AWI0005krx,J180935.41-030918.4,272.3975781,-3.1551363
AWI0002lkk,J180954.58-050813.3,272.4774536,-5.1370044
AWI0005kss,J181033.69-020434.5,272.640375,-2.07625
AWI0002llp,J181046.16-043542.8,272.6923333,-4.595222222
AWI0005kt6,J181100.45-032410.3,272.751875,-3.402861111
AWI0005ktc,J181119.31+001603.2,272.8304958,0.2675608
AWI0005bql,J181143.60+141443.0,272.9316729,14.24529289
AWI0002lnv,J181215.49-073945.1,273.0650925,7.665151732 
AWI0002lop,J181254.45-060125.8,273.226875,-6.023833333
AWI0005cq2,J181258.19+272801.3,273.2424679,27.4670246
AWI0005kuo,J181313.62-012129.1,273.30675,-1.358083333
AWI0005kut,J181323.16-024530.1,273.3465,-2.758361111
AWI0005z0a,J181342.91-753302.9,273.4287727,-75.55081665
AWI0002abd,J181406.03-071258.4,273.5251172,-7.216235
AWI0002lq9,J181417.27-034608.5,273.5719583,-3.769027778
AWI0005kw0,J181456.84-012330.0,273.7368333,-1.391666667
AWI0005kw8,J181505.98-012254.8,273.7749261,-1.3818825
AWI0005br8,J181553.34+230032.5,273.9722926,23.00905956
AWI0005cq8,J181630.96+380937.8,274.1290049,38.1605036
AWI0005d6b,J181703.92+643354.9,274.2663727,64.56526456
AWI0002af4,J181731.75-070350.2,274.3822917,-7.063944444
AWI0005xm7,J181834.01-534857.2,274.6417872,-53.81591923
AWI0001zn0,J181836.14-090851.1,274.6493014,-9.146286646
AWI0005d6h,J181908.03+713104.2,274.7835538,71.51801241
AWI0002lwl,J181938.34-025903.2,274.90975,-2.984222222
AWI0002lwt,J181944.62-015207.6,274.9359167,-1.868777778
AWI0005brq,J181949.03+310841.7,274.9543138,31.14494944
AWI0001zr8,J182100.90-063316.6,275.25375,-6.554611111
AWI0002lyb,J182126.20-000021.1,275.3591667,-0.005861111
AWI0002akj,J182221.59-041128.7,275.5899583,-4.191305556
AWI0005l2z,J182331.89+014627.3,275.8829083,1.7742672
AWI0002m0f,J182343.02+002748.7,275.9292845,0.4635343
AWI00059ic,J182513.39+163008.3,276.305629,16.502384
AWI0005z0v,J182519.61-661156.0,276.3317457,-66.1989042
AWI0001zxi,J182522.81-053959.0,276.3427003,-5.664872635
AWI0002m2c,J182531.20+010021.9,276.380107,1.006229
AWI0001li2,J182620.23-073946.9,276.5843298,-7.6630474
AWI0005z0x,J182655.36-761250.1,276.7306804,-76.2139385
AWI0002001,J182717.07-041838.0,276.821239,-4.310563
AWI0002m4k,J182749.85+001159.8,276.9577377,0.199966487
AWI0005zop,J182806.48-842314.2,277.0273793,-84.38730441
AWI0002m59,J182821.60+000016.1,277.090026,0.0044765
AWI0005l64,J182833.51+045055.1,277.139707,4.848682
AWI0002aq9,J182914.78-000424.1,277.3115943,-0.0733712
AWI0002m60,J182915.10+005212.0,277.3129309,0.8700191
AWI0002aqn,J182950.37+000846.6,277.4599124,0.1462979
AWI0005d6u,J183052.90+631032.7,277.7204037,63.17577503
AWI000205u,J183059.78-031652.2,277.7491223,-3.2811739
AWI0002at9,J183334.49+003421.9,278.3937155,0.5727769
AWI000165h,J183337.36-054841.0,278.4056974,-5.811414
AWI0005l9w,J183427.81+124227.5,278.6147888,12.71063933
AWI0005cr4,J183456.38+420202.7,278.7349602,42.03410243
AWI00059mc,J183531.80+185704.6,278.8825151,18.9512944
AWI00059mg,J183536.90+204603.3,278.9037549,20.7676039
AWI0005cr7,J183735.42+475853.6,279.397642,47.98160422
AWI00020es,J183735.97+010414.1,279.399875,1.070583333
AWI00059o0,J184021.75+260751.1,280.0906688,26.13088963
AWI0005xq4,J184040.03-412837.3,280.1700276,-41.47731999
AWI00065pi,J184053.12-303950.9,280.2213333,-30.66413889
AWI0001mea,J184109.24+013112.0,280.288555,1.52004
AWI0001mem,J184117.55+000531.4,280.323125,0.092055556
AWI0005bud,J184141.31+313703.4,280.4221718,31.61763748
AWI00020m1,J184326.41+034707.9,280.860018,3.785531
AWI0001mkz,J184447.27+031504.6,281.1969583,3.251277778
AWI0005z23,J184500.97-682358.6,281.2540975,-68.39962002
AWI0005u2d,J184540.73-185736.7,281.4196844,-18.9602055
AWI00065we,J184629.52-341922.0,281.623,-34.32277778
AWI00020pn,J184646.07+062523.8,281.6919662,6.4232976
AWI0001mpc,J184650.98+033932.8,281.7124167,3.659111111
AWI00020q4,J184712.81+062352.1,281.803375,6.397805556
AWI0005xrg,J184719.03-373255.5,281.8293296,-37.54879584
AWI0001mqy,J184741.57+042131.9,281.9232083,4.358861111
AWI0001mrl,J184808.27+034418.6,282.0344583,3.7385
AWI00020r3,J184810.98+055302.0,282.04575,5.883888889
AWI00020rf,J184818.21+070120.2,282.0758717,7.0223047
AWI0001msu,J184835.72+045512.0,282.1488333,4.92
AWI0003ylb,J184856.20-064727.1,282.2341678,-6.7908822
AWI00065z2,J184922.57-271917.5,282.3440545,-27.3215302
AWI00020sy,J184946.21+074048.6,282.4425486,7.6801706
AWI00020t7,J184955.71+072332.4,282.4821596,7.3923556
AWI00065zp,J185003.10-331822.3,282.5129167,-33.30619444
AWI00020th,J185005.38+072624.8,282.5224167,7.440222222
AWI0001mvf,J185028.65+051647.0,282.619375,5.279722222
AWI0001mvm,J185036.82+060728.9,282.6534167,6.124694444
AWI0002mmd,J185109.94+135039.5,282.7914309,13.8443169
AWI00020uk,J185116.49+074825.5,282.8176749,7.804891293
AWI00020up,J185119.94+075453.6,282.8330833,7.914888889
AWI000660z,J185120.68-232809.3,282.8361667,-23.46925
AWI0005z2p,J185156.59-575605.4,282.9858351,-57.93489582
AWI000661s,J185212.25-254747.0,283.0510725,-25.7963941 
AWI00020wq,J185253.02+072724.2,283.2209167,7.456722222
AWI0001n08,J185320.00+052315.3,283.3338977,5.38763968
AWI0005z2v,J185409.16-471547.6,283.5382446,-47.26327755
AWI0005z2w,J185432.43-495245.0,283.6351812,-49.87919214
AWI000664x,J185541.91-242439.5,283.924378,-24.411372
AWI00059s1,J185623.30+291342.6,284.0971013,29.2285094
AWI0001n5y,J185626.29+080755.9,284.1095417,8.132194444
AWI0002mpy,J185700.08+160626.1,284.2503613,16.10724043
AWI00059sj,J185807.81+294944.3,284.5325533,29.8289947
AWI00059t0,J190021.32+283001.6,285.0888546,28.5004518
AWI000216e,J190107.28+121214.7,285.2803561,12.2041009
AWI0005xvl,J190206.79-362142.1,285.5283231,-36.36174388
AWI0005bvj,J190207.41+404356.3,285.5309068,40.73230182
AWI0005xvo,J190227.09-365813.5,285.6129318,-36.97046033
AWI00059tk,J190320.95+360615.1,285.8372983,36.10418357
AWI0005z3t,J190351.76-463255.1,285.9656721,-46.54866826 
AWI0005lpj,J190431.73+260912.1,286.1337838,26.15048214
AWI0005lq1,J190546.69+224018.7,286.4445687,22.6718639
AWI00059ub,J190727.25+311033.4,286.8635494,31.1759573
AWI0005xx8,J190735.23-355651.4,286.8968252,-35.94762736
AWI0002my7,J190759.28+211226.0,286.9970044,21.2072398
AWI00017os,J190901.24+110641.3,287.2551952,11.11148494
AWI0005cs0,J190945.80+655842.8,287.4408918,65.97863611
AWI0003zna,J191022.32+043842.7,287.593,4.65194444
AWI0003k7p,J191056.89+050928.1,287.7370417,5.157805556
AWI0005ls3,J191214.57+314720.6,288.0607255,31.7890719
AWI0005cs4,J191443.44+651622.2,288.6810465,65.2728428
AWI00059v6,J191512.13+394250.4,288.800565,39.71399961
AWI00066en,J191619.65-163409.6,289.081856,-16.569382
AWI0005zpw,J191700.52-651340.0,289.251926,-65.22767
AWI00059vy,J191845.28+371449.2,289.6886707,37.24701318
AWI00021mi,J191851.04+203632.4,289.7126667,20.609
AWI0005z58,J191852.43-392054.0,289.7185162,-39.34836844
AWI00059w0,J191859.49+443343.7,289.7478956,44.56214179
AWI00021ms,J191912.23+194133.3,289.8009583,19.69258333
AWI0002bme,J191948.00+221745.9,289.9500196,22.29605941
AWI00066gm,J191954.47-143744.0,289.976664,-14.628981
AWI0005lu9,J192011.35+320151.4,290.0502422,32.03008447
AWI0001o6v,J192012.95+200302.2,290.0539583,20.05061111
AWI00021nq,J192021.33+210651.3,290.088875,21.11425
AWI000336m,J192030.87+111754.5,290.1286361,11.2984719
AWI0005luf,J192041.09+293020.0,290.1712142,29.50554437
AWI00021o7,J192054.30+221155.4,290.2262537,22.19874214 
AWI0001o7u,J192056.50+185309.5,290.2354253,18.88594787
AWI0005lum,J192117.71+302340.2,290.3238007,30.3945252
AWI0003kh7,J192135.11+105127.3,290.3963094,10.8575581
AWI00059wr,J192215.73+370338.6,290.5655472,37.0607485
AWI00066ig,J192337.01-083148.3,290.904666,-8.530199
AWI00021pz,J192343.79+223352.2,290.9324958,22.56450638
AWI00021q7,J192353.45+233357.4,290.9727179,23.56592975
AWI00059x3,J192430.62+371115.8,291.1276116,37.18773759
AWI0005z61,J192559.87-391940.6,291.4980812,-39.32592425
AWI00021rx,J192626.82+235637.4,291.6117458,23.9437286
AWI0001oek,J192708.05+224622.5,291.783549,22.7729392
AWI00018c6,J192817.87+194440.7,292.0744918,19.7446404
AWI0005y1p,J193002.16-155832.2,292.5090233,-15.97566885
AWI0005bx9,J193218.30+563533.1,293.076491,56.592551
AWI00054g5,J193304.43+200405.6,293.268477,20.0682259 
AWI0005z7b,J193505.37-313633.6,293.772425,-31.60943252
AWI0005z7b,J193505.37-313633.6,293.772425,-31.60943252 
AWI0005zr3,J193829.19-655451.2,294.621702,-65.91420705 
AWI0005lzk,J194114.99+420829.9,295.3124888,42.14164864
AWI00059zb,J194212.05+522926.3,295.55,52.90712
AWI0005zrc,J194241.45-460250.2,295.6727753,-46.04731923
AWI00059zt,J194550.99+514955.2,296.4624711,51.8320108
AWI0005m1a,J194901.77+453857.5,297.2574038,45.6493095
AWI0005y65,J195232.21-035516.2,298.1342114,-3.9211729
AWI0005a0l,J195414.29+542103.7,298.559574,54.35102156
AWI000227n,J195428.60+350817.1,298.6191667,35.13808333
AWI00066uw,J195441.56+005156.4,298.673137,0.86574
AWI0003bu5,J195511.22+263458.7,298.7967948,26.58298568
AWI0005by5,J195643.28+652946.7,299.1803649,65.49632718
AWI0002nht,J195817.60+392245.4,299.5733653,39.3792842
AWI0002nhu,J195817.60+424423.8,299.573361,42.7399551
AWI0005a13,J195841.15+532502.5,299.671498,53.41735601
AWI0005y77,J195849.70-043710.1,299.7043588,-4.620206403
AWI0002nk5,J200314.46+434525.5,300.8102898,43.757104
AWI0005502,J200430.06+322125.9,301.1252666,32.3572041
AWI0005a27,J200837.44+555845.4,302.1513409,55.97727642
AWI0005zac,J200902.47-080009.1,302.260325,-8.0025317
AWI0004132,J200939.71+274527.3,302.4154583,27.75758333
AWI0004mwu,J200947.06+255021.7,302.4460833,25.83936111
AWI000413c,J201023.39+282213.3,302.5974888,28.3703745
AWI0005y9a,J201216.27+011351.6,303.0678162,1.230991082
AWI000414f,J201228.07+285357.9,303.1169583,28.89941667
AWI0003l5m,J201254.72+310556.9,303.2280058,31.0991428
AWI0001pf6,J201304.82+382852.9,303.2701,38.4813801
AWI0005a2k,J201331.12+560049.2,303.3796885,56.0136926
AWI0002c7c,J201443.80+425604.9,303.6825,42.93469444
AWI0001pge,J201457.35+395754.0,303.7389573,39.96499718
AWI0005a30,J202052.79+631956.6,305.219966,63.332361
AWI0005ya2,J202054.78+002948.7,305.2282715,0.496869495
AWI0003l8u,J202254.01+341317.7,305.7250464,34.2216056
AWI0003c72,J202347.84+360148.8,305.9493397,36.0302321
AWI0005bz0,J202348.00+693540.2,305.950007,69.594619
AWI0002cav,J202359.31+452611.8,305.9971309,45.436637
AWI0005zb4,J202420.00+001658.5,306.083374,0.282932
AWI0005yan,J202449.08+031547.1,306.204479,3.263032
AWI0005a38,J202501.66+611753.6,306.2569387,61.29823132
AWI0005man,J202547.03+504704.9,306.445989,50.78469401
AWI0005yav,J202649.86+085357.1,306.7077629,8.899186844
AWI0005bz3,J202659.12+722307.5,306.7463003,72.3854175 
AWI0005yax,J202715.63+065705.7,306.8151296,6.951591918
AWI0004dyu,J202820.05+325854.9,307.0835452,32.9819225
AWI00061zh,J202857.11-484128.9,307.2380385,-48.69141402 
AWI0005bzb,J202950.10+680520.5,307.4600869,68.0889775
AWI0005yb5,J203016.62+123628.5,307.56929,12.6079493
AWI0004dzl,J203145.10+342201.4,307.9379222,34.3670764
AWI0002o2h,J203159.77+493118.1,307.9990311,49.5216903
AWI00061zv,J203214.70-715151.5,308.0613646,-71.86437959
AWI0005mbn,J203243.93+530130.4,308.1831033,53.02513042
AWI0005bzi,J203354.72+714957.5,308.4780327,71.83264439
AWI0005ybi,J203449.13+132752.7,308.774773,13.46467778
AWI0005a3u,J203457.20+640616.6,308.7383354,64.1046293
AWI0005ybj,J203501.98+122835.6,308.7582931,12.47656967
AWI0006203,J203555.15-543614.5,308.9798286,-54.6040303
AWI0005ybq,J203708.33+152351.9,309.2847193,15.3977699
AWI0006207,J203711.08-650159.9,309.2960365,-65.0332784
AWI0005ybz,J203918.35+092202.3,309.827087,9.367397
AWI0005a4a,J204005.70+632858.0,310.0225437,63.48513939
AWI0001po3,J204015.96+461401.6,310.0665,46.23377778
AWI0005vtu,J204018.46+254720.8,310.0766957,25.78694036
AWI0004e27,J204101.47+363800.9,310.256125,36.63358333
AWI0005a4c,J204101.51+651707.1,310.2563244,65.2853056
AWI0002o5q,J204109.10+521801.3,310.2879191,52.3003704
AWI0002cgm,J204204.41+491817.5,310.5183964,49.3048856
AWI0005ycb,J204211.18+113007.9,310.5466187,11.50222253
AWI0005a4f,J204213.81+603228.3,310.5575681,60.5412178
AWI0005a4g,J204304.11+641916.0,310.76717,64.32111051
AWI00055c2,J204502.35+430520.6,311.259833,43.0890562
AWI0005zc7,J204542.58+042142.9,311.427423,4.361917 
AWI0005a4m,J204719.67+601213.8,311.831983,60.2038337
AWI0005aal,J204723.59+434439.7,333.1787025,70.15961829
AWI00022rq,J204815.60+492838.8,312.065,49.7744444
AWI00055cx,J204850.71+434949.6,312.2112942,43.830458
AWI000620z,J204850.72-591404.2,312.2114584,-59.2345698
AWI00019aa,J204907.37+455517.9,312.2807151,45.9216572
AWI0005bzz,J205006.09+752134.7,312.5254102,75.3596522
AWI0005a4q,J205009.12+651544.6,312.5380444,65.26241604
AWI0005a4r,J205020.63+630840.0,312.586247,63.144499
AWI0006744,J205038.58+224349.4,312.660753,22.730472
AWI0005mdd,J205050.10+572820.3,312.7087856,57.47216334
AWI0006215,J205131.01-154857.7,312.879225,-15.8160459
AWI00041ja,J205142.27+402858.2,312.9261231,40.4828219
AWI0005c01,J205143.50+730449.3,312.9313414,73.08039448
AWI00019ax,J205157.35+464405.2,312.9891909,46.73158396
AWI0001psc,J205325.54+481603.0,313.3564805,48.26752246
AWI0005a4z,J205347.64+681803.9,313.4485236,68.301085
AWI0003ccn,J205503.01+441052.0,313.762581,44.181118
AWI000621d,J205524.07-322601.3,313.850332,-32.433708
AWI0005c07,J205602.95+741343.3,314.0122957,74.2287075
AWI00019bk,J205609.52+471216.1,314.0396878,47.2044994
AWI000674i,J205647.66+261922.0,314.198538,26.322782
AWI0005d7g,J205722.53+870157.8,314.3443084,87.03273847
AWI0005yd0,J205729.81+202244.6,314.3742128,20.37906842
AWI0005c0b,J205902.82+754529.3,314.7617675,75.7581604
AWI0001puf,J205933.72+494623.7,314.8905,49.77325
AWI0005ctb,J205959.82+781523.1,314.9993831,78.25644152
AWI0001puu,J210055.00+494915.1,315.2291705,49.8208858
AWI0001puz,J210120.34+502008.0,315.3347834,50.33555906
AWI0005c0f,J210129.34+770237.3,315.3707444,77.04369987
AWI0005c0g,J210131.53+734616.9,315.3813787,73.7713693
AWI00055fl,J210157.44+470109.9,315.489238,47.01947
AWI0001pvg,J210234.29+505051.0,315.6428974,50.8475171
AWI0005zcx,J210240.31+113925.4,315.6679587,11.65709213
AWI00022wc,J210335.04+522358.0,315.8960358,52.3994474
AWI0002ckh,J210341.16+535123.3,315.9215,53.85647222
AWI0004e6p,J210353.10+410136.3,315.9712514,41.0267647
AWI0005c0l,J210406.15+771756.9,316.0256385,77.2991499
AWI0005c0n,J210425.31+733100.4,316.1055211,73.5167894
AWI0005mf1,J210625.29+592621.0,316.6054337,59.43915545
AWI0004n4l,J210725.44+402102.1,316.856,40.5058333
AWI0002o9g,J210805.95+570209.1,317.0247917,57.03586111
AWI0005c0t,J210853.19+711402.3,317.2216655,71.23397779
AWI00019d1,J210900.90+494423.3,317.2537586,49.73980579
AWI0006222,J210916.04-001405.6,317.316814,-0.234913
AWI0003cex,J210942.65+463535.9,317.4277586,46.59331542
AWI0002o9q,J210952.58+565144.6,317.4690833,56.86238889
AWI00062eb,J211010.01-432258.0,317.5417481,-43.38278216
AWI0002o9w,J211110.92+553944.5,317.7955263,55.6623637
AWI0004y8u,J211111.93+402533.4,317.7997232,40.42594108
AWI000675b,J211123.72+332905.0,317.8488697,33.4847361 
AWI0001pyi,J211214.50+514742.0,318.0604611,51.79499496
AWI0005c0w,J211223.57+751705.4,318.0983344,75.28487278
AWI0005ydh,J211311.80+202940.1,318.2992018,20.49447318
AWI0005mg3,J211500.50+594758.2,318.7519626,59.79953252
AWI00062ef,J211511.12-580442.6,318.7963826,-58.0785288
AWI0005a6o,J211603.04+685452.0,319.0127074,68.91447188
AWI0005mgi,J211655.82+611009.5,319.2325894,61.1693156
AWI0004n5d,J211733.82+432119.7,319.3909299,43.3554759
AWI000622a,J211800.53-644054.0,319.500982,-64.681539
AWI0004y9e,J211905.70+411326.7,319.7737661,41.224087
AWI00022z7,J211917.81+542453.3,319.8242083,54.41480556
AWI00055hw,J211941.78+501026.6,319.9241086,50.1740792
AWI0003lhw,J211944.27+464815.1,319.9344563,46.8042031
AWI0005c11,J212021.39+722035.6,320.0890334,72.34318837
AWI0002ob6,J212039.31+571637.7,320.1637917,57.27713889
AWI0005vxz,J212122.66+373526.6,320.3444302,37.590742
AWI00055i2,J212150.39+503727.2,320.4599583,50.62422222
AWI0005a70,J212209.46+692216.6,320.5394369,69.3713008
AWI0005a71,J212239.39+692340.9,320.6641729,69.3946948
AWI000675x,J212436.24+335001.6,321.1510381,33.8337806 
AWI0005c17,J212601.08+723453.8,321.5045391,72.58164702
AWI0005vyg,J212617.91+404550.1,321.5746419,40.7639303
AWI0002cms,J212645.14+570117.2,321.6880833,57.02144444
AWI0002ocf,J212720.35+591003.8,321.834885,59.1677467
AWI0001q16,J212742.22+534949.4,321.9259167,53.83038889
AWI0002ocs,J212859.65+590209.3,322.2486169,59.0359344
AWI0005vyx,J212959.78+413037.3,322.4990869,41.51035258
AWI00062ew,J213007.82-515358.5,322.5325907,-51.8996071
AWI0005vza,J213333.47+393553.6,323.3895183,39.5982404
AWI000230p,J213343.17+563021.1,323.429875,56.50586111
AWI0002coc,J213519.16+573638.1,323.8298475,57.61058366
AWI0002coh,J213606.62+574824.0,324.0276005,57.8066763
AWI0005ye6,J213624.86+290226.9,324.1036137,29.04082842
AWI0003ch2,J213743.34+512958.2,324.4306313,51.4995225
AWI0005a8i,J213758.30+673304.6,324.4929197,67.5512922
AWI0002cox,J213923.42+583433.4,324.8475865,58.5759673
AWI0005zvb,J213929.44+120404.8,324.8727068,12.06802027
AWI0005yeb,J213936.94+314431.0,324.903916,31.741961
AWI00019ga,J213938.44+540147.8,324.910215,54.0299417
AWI0005a8w,J214014.31+662726.2,325.0596307,66.4572923
AWI0005vzt,J214029.49+413948.8,325.1255367,41.66626117
AWI0005a91,J214055.30+663127.1,325.2304292,66.5242153
AWI0005a92,J214100.01+663156.1,325.2500499,66.5322544
AWI000676v,J214217.20+391857.6,325.5716667,39.316
AWI0005yef,J214219.34+302844.4,325.5806146,30.4790034
AWI000232v,J214228.70+581326.7,325.6195833,58.22408333
AWI0006234,J214240.88-003716.9,325.6703545,-0.621378654
AWI0005w04,J214343.63+411713.1,325.9318288,41.2869831
AWI0002cpx,J214457.32+583448.3,326.2389037,58.58010831
AWI0004yb0,J214502.02+450210.2,326.2584167,45.03616667
AWI0001q3p,J214537.00+570201.1,326.4041866,57.0336533
AWI0002oe7,J214622.33+623151.8,326.5930375,62.5310641
AWI00062fe,J214724.82-043631.3,326.8534397,-4.6087083
AWI0005w0f,J214741.12+440039.3,326.9213148,44.01089903
AWI0005a9j,J214744.94+725746.2,326.9368383,72.96589871
AWI0005yel,J214823.51+324746.2,327.0979898,32.79618558
AWI00019h2,J215050.42+552659.2,327.7100771,55.44977583
AWI0001q4v,J215126.39+572455.4,327.8599583,57.41538889
AWI0005w0q,J215140.08+432639.8,327.9170317,43.4443929
AWI0001q4z,J215217.48+570347.8,328.0728333,57.06327778
AWI0000phs/AWI00062fh,J215221.25-031028.9,328.088524,-3.174687
AWI0005a9p,J215237.93+723429.1,328.1580719,72.574775
AWI0005a9q,J215256.86+711707.9,328.2369167,71.28552778
AWI0005a9r,J215305.45+682955.0,328.2727792,68.49865224
AWI0005mjw,J215514.19+654327.6,328.8092403,65.72432924
AWI0005a9u,J215535.68+691506.8,328.8988401,69.2518542
AWI0005zvh,J215543.41+170632.2,328.9309115,17.10893571
AWI00019hb,J215604.19+561712.2,329.0175214,56.2867022
AWI0003lje,J215622.44+522226.4,329.0935,52.374
AWI0005a9v,J215628.75+674721.6,329.1198161,67.7893544
AWI0004ybn,J215702.83+482249.9,329.261825,48.38049578
AWI00062fo,J215739.35-083351.4,329.413996,-8.5642931
AWI0005c1g,J215832.81+802016.1,329.6368779,80.33781339
AWI000235i,J215916.77+594156.6,329.8198861,59.699062
AWI00062fq,J215947.70-593411.9,329.9487642,-59.56999818
AWI0005ze7,J220018.98+254114.4,330.0791004,25.68733475
AWI000677u,J220248.46+400347.9,330.7019103,40.06331
AWI0005mkm,J220249.60+660351.6,330.7067654,66.06437126
AWI0001q6j,J220330.06+582804.2,330.8753211,58.4678381
AWI0005aa5,J220404.34+732752.0,331.0172396,73.46432283
AWI0005w1d,J220416.20+442446.3,331.0675221,44.41285332
AWI0005w1h,J220503.97+444543.7,331.2666448,44.76214919
AWI0002360,J220614.20+600204.6,331.5591901,60.0346145
AWI0004yc1,J220650.11+481440.2,331.708826,48.244512
AWI0001q74,J220733.48+582224.7,331.8895081,58.3735336
AWI00019i2,J221055.01+575629.4,332.7293783,57.94153913
AWI0002ofx,J221127.60+623158.5,332.8650655,62.53291639
AWI0005aan,J221341.86+732341.5,333.4244674,73.3949222
AWI0005aap,J221513.24+711142.2,333.8051984,71.19506557
AWI0005w1y,J221534.57+450544.2,333.8982191,45.09431591
AWI0002376,J221537.72+603515.4,333.9072071,60.5876322
AWI0002377,J221553.12+603647.0,333.9712917,60.6130825
AWI0005cti,J221633.82+843015.7,334.1411403,84.50435739
AWI0005w20,J221727.77+453519.0,334.3687484,45.5896693
AWI00034i8,J221857.94+551829.2,334.7414094,55.3081414
AWI0002381,J221913.72+613745.6,334.8071766,61.62935943
AWI0005c1o,J222202.37+792327.9,335.5099029,79.3910997
AWI000238u,J222300.37+615721.2,335.751582,61.95589284
AWI0005w29,J222412.79+484918.7,336.0533283,48.82186995
AWI0005abb,J222653.92+733429.0,336.7247627,73.57472611
AWI0005abf,J222753.27+704806.0,336.972071,70.801619
AWI000239o,J223032.64+613725.4,337.6360083,61.6237253
AWI0005w2p,J223254.86+492209.7,338.2286318,49.36935359
AWI0005yfm,J223327.05+395421.0,338.3627478,39.905843
AWI0005c1s,J223339.43+772230.5,338.4144654,77.37516793
AWI0005yfu,J223445.16+375006.0,338.6881887,37.83499826
AWI0005mnr,J223446.20+691207.7,338.6925332,69.20213998
AWI0005mnu,J223502.94+674315.9,338.7622956,67.72110229
AWI0005yfy,J223509.50+401402.4,338.7895956,40.2340052
AWI0005zej,J223537.54+313810.0,338.9064426,31.63612144
AWI0005c1u,J223544.49+781432.0,338.9354515,78.24224963
AWI0005abt,J223605.59+751832.4,339.0233083,75.3090248
AWI0005yge,J223652.37+391525.9,339.2181962,39.25722232
AWI0005mo4,J223707.17+694236.8,339.279909,69.71024922
AWI0005ygi,J223713.05+395226.2,339.3044276,39.87392549
AWI0005ygp,J223752.48+390923.0,339.4690583,39.156495
AWI0005ygq,J223754.20+404935.3,339.4758237,40.82647224
AWI0005mo6,J223805.97+690846.1,339.5249208,69.1461389
AWI0005abx,J223815.23+750720.4,339.5634728,75.1223497
AWI0005aby,J223818.71+751153.7,339.5779954,75.1982679
AWI00055ms,J223824.11+583941.9,339.6004661,58.6616744
AWI0001q9h,J223858.19+613524.2,339.74258,61.590057
AWI0006796,J223939.58+421203.5,339.9150108,42.2009786
AWI0002cw2,J223957.89+633447.1,339.991308,63.57977427
AWI0005c1w,J224045.24+780119.6,340.1886169,78.0221217
AWI00062ke/AWI0000gjb,J224206.62-032824.4,340.527639,-3.473472
AWI0005ac9,J224240.05+750507.6,340.6669778,75.0854453 
AWI00062o7,J224303.82-212609.8,340.7659724,-21.43608004 
AWI0001qa9,J224417.29+612624.8,341.0720768,61.4402307
AWI0005w31,J224435.75+495818.9,341.1467631,49.97240898
AWI0005moe,J224451.94+680508.8,341.2164032,68.0857392
AWI0002ooy,J224515.51+653347.7,341.3146523,65.56326087
AWI0003lkw,J224613.33+570942.2,341.5556104,57.16175176
AWI0005acl,J224908.16+733627.5,342.2841212,73.60765365
AWI0002opj,J224952.84+654925.9,342.4701865,65.8238641
AWI0005yh7,J224956.99+411409.0,342.4875041,41.23583776
AWI0005yh8,J225149.43+411846.6,342.9560231,41.31295585
AWI000679m,J225249.36+463254.2,343.205725,46.5483775
AWI0005acx,J225308.51+750222.8,343.285515,75.03971849
AWI0002opu,J225419.82+672007.0,343.5826177,67.335278
AWI0001qcv,J225427.67+624912.6,343.6153124,62.8201789
AWI0005moy,J225525.03+701749.9,343.8543,70.29721
AWI0002opw,J225639.94+654641.9,344.1664214,65.7783136
AWI0005mpg,J230232.70+692105.1,345.6363606,69.3514556
AWI0005w3w,J230440.77+491947.9,346.1699946,49.32999678
AWI00062gs,J230533.05+145732.5,346.3877631,14.9590517
AWI0001qf8,J230632.93+623117.7,346.6372203,62.5215975
AWI0001qf9,J230638.24+623204.1,346.6593525,62.5344812
AWI0002cyt,J230757.32+645537.3,346.9888676,64.9270389
AWI0002orf,J230955.83+671431.5,347.4827686,67.24212177
AWI0005yhp,J231359.31+432422.5,348.497193,43.406252
AWI00019n8,J231510.53+620119.5,348.7938817,62.0221052 
AWI0002czc,J231554.38+650601.0,348.9766097,65.1002961
AWI00041wp,J232002.63+582544.8,350.010956,58.4291286
AWI0001qhe,J232109.30+632312.9,350.2887872,63.38693468
AWI00062kw,J232421.82+061110.7,351.0909464,6.186308867
AWI0002osa,J232530.22+665943.1,351.3759184,66.9953099
AWI0005c23,J232713.86+793231.0,351.8079629,79.54195428
AWI0005c23,J232713.86+793231.0,351.8079629,79.54195428 
AWI0005adj,J232857.57+751331.5,352.2398261,75.22541449
AWI00055qt,J233055.38+614904.4,352.7308,61.8179
AWI0003cni,J233243.99+603629.9,353.1833,60.60832
AWI0004naf,J233351.62+565920.8,353.4651064,56.98911959
AWI00041za,J233434.24+583231.4,353.6426703,58.5420644
AWI0002d03,J233455.36+654511.2,353.7306715,65.753135
AWI0005w4j,J233516.48+522027.2,353.818442,52.340954
AWI00067ap,J233731.06+483722.8,354.3794125,48.623015
AWI0005zf0,J233823.70+402915.6,354.5983506,40.48787843
AWI0001qjt,J234051.83+635305.6,355.2159656,63.8849155
AWI0005w4q,J234055.92+532420.8,355.2330256,53.405783
AWI0005zf1,J234100.52+355818.5,355.2522107,35.97182009
AWI00067au,J234100.67+472130.7,355.2527992,47.3585483 
AWI00008ye,J234354.33-324634.1,355.9763813,-32.77615872
AWI0005yi2,J234547.46+453046.9,356.447799,45.51304588
AWI0000ojv,J234708.47+153903.2,356.7852941,15.65090301
AWI0002d0r,J234724.99+663521.9,356.8541929,66.5894116
AWI0005zvz,J234736.07+343117.4,356.9003532,34.52152396
AWI0002oth,J234758.53+671745.8,356.9938993,67.2960681
AWI00019pb,J234810.63+632008.5,357.0443122,63.33571645
AWI00023jd,J234915.65+655554.6,357.315155,65.9318728
AWI0005w4y,J234951.65+520759.7,357.4652658,52.13326004
AWI0005yi5,J235034.15+430430.2,357.642281,43.07503
AWI00019pi,J235135.40+631323.1,357.8975455,63.22308992
AWI0002otr,J235154.48+672412.7,357.9770875,67.40352412
AWI0005w51,J235405.26+534253.2,358.5219691,53.71476037
AWI0005ae4,J235449.26+742436.2,358.7052345,74.41006923
AWI00062l3,J235537.71+081323.7,358.907194,8.22324319
AWI0002otz,J235538.65+672602.4,358.9111058,67.4340083
AWI0005mqv,J235610.82+722325.4,359.0451101,72.39038969
AWI0005ctn,J235628.08+831128.0,359.1176143,83.19114582
AWI0003cp6,J235652.35+611338.1,359.2181232,61.22726725
AWI00067b3,J235722.05+481651.6,359.3419,48.28103
AWI0001qlk,J235739.68+642847.2,359.4153,64.47979
AWI00062h1,J235746.21+112827.6,359.4426161,11.4743352